"id","name","meanIAT","size"
0,"District of Columbia",NA,NA
430,"ALASKA",NA,NA
529,"RHODE ISLAND",NA,NA
1001,"Autauga",0.46,104
1003,"Baldwin",0.44,550
1005,"Barbour",0.45,34
1007,"Bibb",NA,NA
1009,"Blount",0.39,53
1011,"Bullock",NA,NA
1013,"Butler",NA,NA
1015,"Calhoun",0.45,300
1017,"Chambers",0.41,65
1019,"Cherokee",0.41,32
1021,"Chilton",0.51,43
1023,"Choctaw",NA,NA
1025,"Clarke",NA,NA
1027,"Clay",NA,NA
1029,"Cleburne",NA,NA
1031,"Coffee",0.48,106
1033,"Colbert",0.4,62
1035,"Conecuh",NA,NA
1037,"Coosa",NA,NA
1039,"Covington",0.42,62
1041,"Crenshaw",NA,NA
1043,"Cullman",0.4,92
1045,"Dale",0.45,109
1047,"Dallas",0.37,39
1049,"DeKalb",0.44,63
1051,"Elmore",0.44,167
1053,"Escambia",0.41,31
1055,"Etowah",0.39,174
1057,"Fayette",NA,NA
1059,"Franklin",0.41,38
1061,"Geneva",0.44,55
1063,"Greene",NA,NA
1065,"Hale",NA,NA
1067,"Henry",NA,NA
1069,"Houston",0.44,222
1071,"Jackson",0.35,66
1073,"Jefferson",0.43,1821
1075,"Lamar",NA,NA
1077,"Lauderdale",0.45,162
1079,"Lawrence",NA,NA
1081,"Lee",0.45,1783
1083,"Limestone",0.45,119
1085,"Lowndes",NA,NA
1087,"Macon",NA,NA
1089,"Madison",0.42,946
1091,"Marengo",NA,NA
1093,"Marion",NA,NA
1095,"Marshall",0.48,150
1097,"Mobile",0.44,979
1099,"Monroe",NA,NA
1101,"Montgomery",0.47,408
1103,"Morgan",0.48,195
1105,"Perry",NA,NA
1107,"Pickens",NA,NA
1109,"Pike",0.44,307
1111,"Randolph",0.37,290
1113,"Russell",0.42,103
1115,"St. Clair",0.48,153
1117,"Shelby",0.44,626
1119,"Sumter",NA,NA
1121,"Talladega",0.43,77
1123,"Tallapoosa",0.44,50
1125,"Tuscaloosa",0.43,1103
1127,"Walker",0.42,71
1129,"Washington",NA,NA
1131,"Wilcox",NA,NA
1133,"Winston",NA,NA
2013,"Aleutians East",NA,NA
2016,"Aleutians West",NA,NA
2020,"Anchorage",0.39,1179
2050,"Bethel",NA,NA
2060,"Bristol Bay",NA,NA
2068,"Denali",NA,NA
2070,"Dillingham",NA,NA
2090,"Fairbanks North Star",0.37,396
2100,"Haines",NA,NA
2105,"Hoonah-Angoon",NA,NA
2110,"Juneau",0.36,121
2122,"Kenai Peninsula",0.35,134
2130,"Ketchikan Gateway",0.45,31
2150,"Kodiak Island",0.37,33
2164,"Lake and Peninsula",NA,NA
2170,"Matanuska-Susitna",0.4,263
2180,"Nome",NA,NA
2185,"North Slope",NA,NA
2188,"Northwest Arctic",NA,NA
2195,"Petersburg",NA,NA
2198,"Prince of Wales-Hyder",NA,NA
2220,"Sitka",NA,NA
2230,"Skagway",NA,NA
2240,"Southeast Fairbanks",NA,NA
2261,"Valdez-Cordova",NA,NA
2270,"Wade Hampton",NA,NA
2275,"Wrangell",NA,NA
2282,"Yakutat",NA,NA
2290,"Yukon-Koyukuk",NA,NA
4001,"Apache",0.29,81
4003,"Cochise",0.42,254
4005,"Coconino",0.36,677
4007,"Gila",0.35,64
4009,"Graham",NA,NA
4011,"Greenlee",NA,NA
4012,"La Paz",NA,NA
4013,"Maricopa",0.4,12398
4015,"Mohave",0.43,349
4017,"Navajo",0.32,227
4019,"Pima",0.4,3519
4021,"Pinal",0.41,727
4023,"Santa Cruz",0.37,44
4025,"Yavapai",0.42,512
4027,"Yuma",0.42,225
5001,"Arkansas",NA,NA
5003,"Ashley",NA,NA
5005,"Baxter",0.46,133
5007,"Benton",0.4,519
5009,"Boone",0.4,81
5011,"Bradley",NA,NA
5013,"Calhoun",NA,NA
5015,"Carroll",0.25,47
5017,"Chicot",NA,NA
5019,"Clark",0.39,138
5021,"Clay",NA,NA
5023,"Cleburne",0.36,44
5025,"Cleveland",NA,NA
5027,"Columbia",0.38,56
5029,"Conway",0.33,44
5031,"Craighead",0.45,611
5033,"Crawford",0.39,102
5035,"Crittenden",0.45,80
5037,"Cross",0.49,39
5039,"Dallas",NA,NA
5041,"Desha",NA,NA
5043,"Drew",NA,NA
5045,"Faulkner",0.41,891
5047,"Franklin",NA,NA
5049,"Fulton",NA,NA
5051,"Garland",0.42,200
5053,"Grant",0.41,33
5055,"Greene",0.38,117
5057,"Hempstead",NA,NA
5059,"Hot Spring",0.36,49
5061,"Howard",NA,NA
5063,"Independence",0.37,91
5065,"Izard",NA,NA
5067,"Jackson",NA,NA
5069,"Jefferson",0.39,82
5071,"Johnson",0.46,45
5073,"Lafayette",NA,NA
5075,"Lawrence",0.5,32
5077,"Lee",NA,NA
5079,"Lincoln",NA,NA
5081,"Little River",NA,NA
5083,"Logan",NA,NA
5085,"Lonoke",0.45,248
5087,"Madison",NA,NA
5089,"Marion",0.39,40
5091,"Miller",0.36,62
5093,"Mississippi",0.51,97
5095,"Monroe",NA,NA
5097,"Montgomery",NA,NA
5099,"Nevada",NA,NA
5101,"Newton",NA,NA
5103,"Ouachita",0.44,35
5105,"Perry",NA,NA
5107,"Phillips",NA,NA
5109,"Pike",NA,NA
5111,"Poinsett",0.49,46
5113,"Polk",NA,NA
5115,"Pope",0.43,180
5117,"Prairie",NA,NA
5119,"Pulaski",0.4,1523
5121,"Randolph",0.36,39
5123,"St. Francis",NA,NA
5125,"Saline",0.44,266
5127,"Scott",NA,NA
5129,"Searcy",NA,NA
5131,"Sebastian",0.39,216
5133,"Sevier",NA,NA
5135,"Sharp",0.39,33
5137,"Stone",NA,NA
5139,"Union",0.41,65
5141,"Van Buren",0.46,32
5143,"Washington",0.39,1149
5145,"White",0.4,242
5147,"Woodruff",NA,NA
5149,"Yell",0.32,43
6001,"Alameda",0.36,6810
6003,"Alpine",NA,NA
6005,"Amador",0.52,63
6007,"Butte",0.39,984
6009,"Calaveras",0.31,84
6011,"Colusa",NA,NA
6013,"Contra Costa",0.4,2935
6015,"Del Norte",0.38,58
6017,"El Dorado",0.37,509
6019,"Fresno",0.39,1550
6021,"Glenn",0.3,40
6023,"Humboldt",0.35,446
6025,"Imperial",0.42,107
6027,"Inyo",0.4,33
6029,"Kern",0.4,1185
6031,"Kings",0.39,161
6033,"Lake",0.42,123
6035,"Lassen",0.5,81
6037,"Los Angeles",0.4,19412
6039,"Madera",0.44,183
6041,"Marin",0.35,1237
6043,"Mariposa",NA,NA
6045,"Mendocino",0.4,253
6047,"Merced",0.36,266
6049,"Modoc",NA,NA
6051,"Mono",NA,NA
6053,"Monterey",0.4,953
6055,"Napa",0.44,291
6057,"Nevada",0.29,208
6059,"Orange",0.41,7469
6061,"Placer",0.35,1314
6063,"Plumas",0.29,37
6065,"Riverside",0.4,3839
6067,"Sacramento",0.38,4333
6069,"San Benito",0.4,121
6071,"San Bernardino",0.42,3175
6073,"San Diego",0.4,10472
6075,"San Francisco",0.35,5223
6077,"San Joaquin",0.42,946
6079,"San Luis Obispo",0.4,3271
6081,"San Mateo",0.38,2360
6083,"Santa Barbara",0.4,1964
6085,"Santa Clara",0.39,6433
6087,"Santa Cruz",0.32,1295
6089,"Shasta",0.37,627
6091,"Sierra",NA,NA
6093,"Siskiyou",0.33,242
6095,"Solano",0.38,735
6097,"Sonoma",0.36,1683
6099,"Stanislaus",0.44,686
6101,"Sutter",0.53,145
6103,"Tehama",0.38,90
6105,"Trinity",NA,NA
6107,"Tulare",0.42,473
6109,"Tuolumne",0.33,80
6111,"Ventura",0.4,1966
6113,"Yolo",0.37,1380
6115,"Yuba",0.44,155
8001,"Adams",0.37,1174
8003,"Alamosa",0.51,33
8005,"Arapahoe",0.36,2664
8007,"Archuleta",NA,NA
8009,"Baca",NA,NA
8011,"Bent",NA,NA
8013,"Boulder",0.35,3176
8014,"Broomfield",0.4,361
8015,"Chaffee",0.45,33
8017,"Cheyenne",NA,NA
8019,"Clear Creek",NA,NA
8021,"Conejos",NA,NA
8023,"Costilla",NA,NA
8025,"Crowley",NA,NA
8027,"Custer",NA,NA
8029,"Delta",0.39,53
8031,"Denver",0.34,3531
8033,"Dolores",NA,NA
8035,"Douglas",0.35,1981
8037,"Eagle",0.39,93
8039,"Elbert",0.36,58
8041,"El Paso",0.39,2417
8043,"Fremont",0.32,81
8045,"Garfield",0.34,127
8047,"Gilpin",NA,NA
8049,"Grand",0.45,33
8051,"Gunnison",0.31,67
8053,"Hinsdale",NA,NA
8055,"Huerfano",NA,NA
8057,"Jackson",NA,NA
8059,"Jefferson",0.36,2759
8061,"Kiowa",NA,NA
8063,"Kit Carson",NA,NA
8065,"Lake",NA,NA
8067,"La Plata",0.38,198
8069,"Larimer",0.36,2118
8071,"Las Animas",NA,NA
8073,"Lincoln",NA,NA
8075,"Logan",0.42,40
8077,"Mesa",0.38,275
8079,"Mineral",NA,NA
8081,"Moffat",0.27,34
8083,"Montezuma",0.29,47
8085,"Montrose",0.38,61
8087,"Morgan",NA,NA
8089,"Otero",0.17,42
8091,"Ouray",NA,NA
8093,"Park",NA,NA
8095,"Phillips",NA,NA
8097,"Pitkin",0.34,60
8099,"Prowers",NA,NA
8101,"Pueblo",0.34,238
8103,"Rio Blanco",NA,NA
8105,"Rio Grande",NA,NA
8107,"Routt",0.29,367
8109,"Saguache",NA,NA
8111,"San Juan",NA,NA
8113,"San Miguel",0.32,36
8115,"Sedgwick",NA,NA
8117,"Summit",0.23,70
8119,"Teller",0.45,63
8121,"Washington",NA,NA
8123,"Weld",0.35,2241
8125,"Yuma",NA,NA
9001,"Fairfield",0.42,4343
9003,"Hartford",0.42,4209
9005,"Litchfield",0.39,699
9007,"Middlesex",0.4,1109
9009,"New Haven",0.4,4392
9011,"New London",0.41,1966
9013,"Tolland",0.43,1530
9015,"Windham",0.39,591
10001,"Kent",0.43,383
10003,"New Castle",0.45,2485
10005,"Sussex",0.43,364
12001,"Alachua",0.46,3161
12003,"Baker",0.43,40
12005,"Bay",0.42,321
12007,"Bradford",0.44,81
12009,"Brevard",0.44,2365
12011,"Broward",0.44,3173
12013,"Calhoun",NA,NA
12015,"Charlotte",0.43,282
12017,"Citrus",0.44,288
12019,"Clay",0.45,518
12021,"Collier",0.4,464
12023,"Columbia",0.51,94
12027,"DeSoto",NA,NA
12029,"Dixie",NA,NA
12031,"Duval",0.43,2543
12033,"Escambia",0.42,768
12035,"Flagler",0.46,208
12037,"Franklin",NA,NA
12039,"Gadsden",0.47,39
12041,"Gilchrist",0.29,48
12043,"Glades",NA,NA
12045,"Gulf",NA,NA
12047,"Hamilton",NA,NA
12049,"Hardee",NA,NA
12051,"Hendry",NA,NA
12053,"Hernando",0.43,291
12055,"Highlands",0.47,125
12057,"Hillsborough",0.42,4550
12059,"Holmes",NA,NA
12061,"Indian River",0.41,234
12063,"Jackson",0.41,62
12065,"Jefferson",NA,NA
12067,"Lafayette",NA,NA
12069,"Lake",0.42,637
12071,"Lee",0.44,1116
12073,"Leon",0.46,2488
12075,"Levy",0.47,91
12077,"Liberty",NA,NA
12079,"Madison",NA,NA
12081,"Manatee",0.42,850
12083,"Marion",0.42,568
12085,"Martin",0.44,324
12086,"Miami-Dade",0.42,4870
12087,"Monroe",0.36,299
12089,"Nassau",0.4,160
12091,"Okaloosa",0.43,436
12093,"Okeechobee",0.47,36
12095,"Orange",0.42,3737
12097,"Osceola",0.45,497
12099,"Palm Beach",0.47,2571
12101,"Pasco",0.44,932
12103,"Pinellas",0.43,3305
12105,"Polk",0.44,1263
12107,"Putnam",0.48,113
12109,"St. Johns",0.44,935
12111,"St. Lucie",0.44,540
12113,"Santa Rosa",0.4,424
12115,"Sarasota",0.4,723
12117,"Seminole",0.43,1529
12119,"Sumter",0.38,95
12121,"Suwannee",0.55,58
12123,"Taylor",0.4,46
12125,"Union",NA,NA
12127,"Volusia",0.43,1528
12129,"Wakulla",0.46,79
12131,"Walton",0.51,70
12133,"Washington",NA,NA
13001,"Appling",NA,NA
13003,"Atkinson",NA,NA
13005,"Bacon",NA,NA
13007,"Baker",NA,NA
13009,"Baldwin",0.44,297
13011,"Banks",0.35,32
13013,"Barrow",0.44,199
13015,"Bartow",0.42,180
13017,"Ben Hill",NA,NA
13019,"Berrien",0.4,54
13021,"Bibb",0.44,481
13023,"Bleckley",NA,NA
13025,"Brantley",NA,NA
13027,"Brooks",NA,NA
13029,"Bryan",0.49,101
13031,"Bulloch",0.45,386
13033,"Burke",0.4,189
13035,"Butts",0.38,38
13037,"Calhoun",NA,NA
13039,"Camden",0.46,146
13043,"Candler",NA,NA
13045,"Carroll",0.42,425
13047,"Catoosa",0.47,157
13049,"Charlton",NA,NA
13051,"Chatham",0.44,702
13053,"Chattahoochee",NA,NA
13055,"Chattooga",0.5,35
13057,"Cherokee",0.44,823
13059,"Clarke",0.45,2085
13061,"Clay",NA,NA
13063,"Clayton",0.4,171
13065,"Clinch",NA,NA
13067,"Cobb",0.43,2803
13069,"Coffee",0.5,54
13071,"Colquitt",0.39,79
13073,"Columbia",0.44,219
13075,"Cook",NA,NA
13077,"Coweta",0.47,473
13079,"Crawford",NA,NA
13081,"Crisp",NA,NA
13083,"Dade",NA,NA
13085,"Dawson",0.46,67
13087,"Decatur",NA,NA
13089,"DeKalb",0.41,2148
13091,"Dodge",NA,NA
13093,"Dooly",NA,NA
13095,"Dougherty",0.49,83
13097,"Douglas",0.46,320
13099,"Early",NA,NA
13101,"Echols",NA,NA
13103,"Effingham",0.46,120
13105,"Elbert",NA,NA
13107,"Emanuel",NA,NA
13109,"Evans",NA,NA
13111,"Fannin",0.44,49
13113,"Fayette",0.44,406
13115,"Floyd",0.44,527
13117,"Forsyth",0.44,580
13119,"Franklin",0.48,54
13121,"Fulton",0.42,4796
13123,"Gilmer",0.4,74
13125,"Glascock",NA,NA
13127,"Glynn",0.41,203
13129,"Gordon",0.45,108
13131,"Grady",NA,NA
13133,"Greene",NA,NA
13135,"Gwinnett",0.44,2556
13137,"Habersham",0.34,243
13139,"Hall",0.42,438
13141,"Hancock",NA,NA
13143,"Haralson",0.49,37
13145,"Harris",0.44,44
13147,"Hart",NA,NA
13149,"Heard",NA,NA
13151,"Henry",0.47,516
13153,"Houston",0.47,337
13155,"Irwin",NA,NA
13157,"Jackson",0.42,206
13159,"Jasper",0.33,32
13161,"Jeff Davis",NA,NA
13163,"Jefferson",NA,NA
13165,"Jenkins",NA,NA
13167,"Johnson",NA,NA
13169,"Jones",0.53,38
13171,"Lamar",0.39,36
13173,"Lanier",NA,NA
13175,"Laurens",0.44,74
13177,"Lee",0.43,52
13179,"Liberty",0.44,187
13181,"Lincoln",NA,NA
13183,"Long",NA,NA
13185,"Lowndes",0.45,529
13187,"Lumpkin",0.43,234
13189,"McDuffie",NA,NA
13191,"McIntosh",NA,NA
13193,"Macon",NA,NA
13195,"Madison",0.3,64
13197,"Marion",NA,NA
13199,"Meriwether",0.4,34
13201,"Miller",NA,NA
13205,"Mitchell",NA,NA
13207,"Monroe",0.37,39
13209,"Montgomery",NA,NA
13211,"Morgan",0.47,44
13213,"Murray",0.39,89
13215,"Muscogee",0.45,383
13217,"Newton",0.38,192
13219,"Oconee",0.38,136
13221,"Oglethorpe",NA,NA
13223,"Paulding",0.41,323
13225,"Peach",0.38,57
13227,"Pickens",0.44,83
13229,"Pierce",NA,NA
13231,"Pike",0.44,38
13233,"Polk",0.45,81
13235,"Pulaski",NA,NA
13237,"Putnam",NA,NA
13239,"Quitman",NA,NA
13241,"Rabun",NA,NA
13243,"Randolph",NA,NA
13245,"Richmond",0.45,337
13247,"Rockdale",0.37,220
13249,"Schley",NA,NA
13251,"Screven",NA,NA
13253,"Seminole",NA,NA
13255,"Spalding",0.42,106
13257,"Stephens",0.49,58
13259,"Stewart",NA,NA
13261,"Sumter",0.41,57
13263,"Talbot",NA,NA
13265,"Taliaferro",NA,NA
13267,"Tattnall",NA,NA
13269,"Taylor",NA,NA
13271,"Telfair",NA,NA
13273,"Terrell",NA,NA
13275,"Thomas",0.4,82
13277,"Tift",0.37,54
13279,"Toombs",0.36,39
13281,"Towns",NA,NA
13283,"Treutlen",NA,NA
13285,"Troup",0.44,190
13287,"Turner",NA,NA
13289,"Twiggs",NA,NA
13291,"Union",NA,NA
13293,"Upson",0.43,42
13295,"Walker",0.41,192
13297,"Walton",0.4,117
13299,"Ware",0.41,51
13301,"Warren",NA,NA
13303,"Washington",NA,NA
13305,"Wayne",0.57,36
13307,"Webster",NA,NA
13309,"Wheeler",NA,NA
13311,"White",0.35,67
13313,"Whitfield",0.39,233
13315,"Wilcox",NA,NA
13317,"Wilkes",NA,NA
13319,"Wilkinson",NA,NA
13321,"Worth",NA,NA
15001,"Hawaii",0.31,232
15003,"Honolulu",0.37,1245
15005,"Kalawao",NA,NA
15007,"Kauai",0.38,49
15009,"Maui",0.42,128
16001,"Ada",0.33,1994
16003,"Adams",NA,NA
16005,"Bannock",0.37,353
16007,"Bear Lake",NA,NA
16009,"Benewah",NA,NA
16011,"Bingham",0.32,243
16013,"Blaine",0.35,130
16015,"Boise",NA,NA
16017,"Bonner",0.39,94
16019,"Bonneville",0.4,387
16021,"Boundary",NA,NA
16023,"Butte",NA,NA
16025,"Camas",NA,NA
16027,"Canyon",0.37,587
16029,"Caribou",NA,NA
16031,"Cassia",NA,NA
16033,"Clark",NA,NA
16035,"Clearwater",NA,NA
16037,"Custer",NA,NA
16039,"Elmore",0.4,89
16041,"Franklin",NA,NA
16043,"Fremont",NA,NA
16045,"Gem",0.37,45
16047,"Gooding",NA,NA
16049,"Idaho",NA,NA
16051,"Jefferson",0.49,82
16053,"Jerome",NA,NA
16055,"Kootenai",0.38,491
16057,"Latah",0.31,658
16059,"Lemhi",0.28,31
16061,"Lewis",NA,NA
16063,"Lincoln",NA,NA
16065,"Madison",0.37,600
16067,"Minidoka",NA,NA
16069,"Nez Perce",0.37,109
16071,"Oneida",NA,NA
16073,"Owyhee",NA,NA
16075,"Payette",0.37,56
16077,"Power",NA,NA
16079,"Shoshone",0.31,38
16081,"Teton",NA,NA
16083,"Twin Falls",0.38,158
16085,"Valley",NA,NA
16087,"Washington",NA,NA
17001,"Adams",0.47,232
17003,"Alexander",NA,NA
17005,"Bond",0.43,141
17007,"Boone",0.4,245
17009,"Brown",NA,NA
17011,"Bureau",0.37,95
17013,"Calhoun",NA,NA
17015,"Carroll",0.45,69
17017,"Cass",0.43,55
17019,"Champaign",0.42,2604
17021,"Christian",0.4,150
17023,"Clark",0.33,52
17025,"Clay",0.4,34
17027,"Clinton",0.34,102
17029,"Coles",0.41,831
17031,"Cook",0.4,23148
17033,"Crawford",0.4,49
17035,"Cumberland",0.35,40
17037,"DeKalb",0.45,1907
17039,"De Witt",0.52,60
17041,"Douglas",0.33,73
17043,"DuPage",0.43,7068
17045,"Edgar",0.35,64
17047,"Edwards",NA,NA
17049,"Effingham",0.38,134
17051,"Fayette",0.43,36
17053,"Ford",0.39,39
17055,"Franklin",0.48,52
17057,"Fulton",0.37,157
17059,"Gallatin",NA,NA
17061,"Greene",NA,NA
17063,"Grundy",0.38,299
17065,"Hamilton",NA,NA
17067,"Hancock",NA,NA
17069,"Hardin",NA,NA
17071,"Henderson",NA,NA
17073,"Henry",0.39,228
17075,"Iroquois",0.54,55
17077,"Jackson",0.39,352
17079,"Jasper",0.32,75
17081,"Jefferson",0.45,67
17083,"Jersey",0.32,227
17085,"Jo Daviess",0.29,67
17087,"Johnson",0.42,35
17089,"Kane",0.42,2128
17091,"Kankakee",0.41,348
17093,"Kendall",0.41,522
17095,"Knox",0.36,313
17097,"Lake",0.4,6036
17099,"LaSalle",0.43,388
17101,"Lawrence",NA,NA
17103,"Lee",0.31,79
17105,"Livingston",0.41,109
17107,"Logan",0.38,128
17109,"McDonough",0.4,251
17111,"McHenry",0.41,1980
17113,"McLean",0.4,2462
17115,"Macon",0.44,354
17117,"Macoupin",0.44,194
17119,"Madison",0.43,1237
17121,"Marion",0.37,162
17123,"Marshall",NA,NA
17125,"Mason",0.51,50
17127,"Massac",NA,NA
17129,"Menard",0.42,112
17131,"Mercer",0.35,117
17133,"Monroe",0.46,151
17135,"Montgomery",0.47,135
17137,"Morgan",0.37,177
17139,"Moultrie",0.34,38
17141,"Ogle",0.39,163
17143,"Peoria",0.45,585
17145,"Perry",NA,NA
17147,"Piatt",0.32,43
17149,"Pike",NA,NA
17151,"Pope",NA,NA
17153,"Pulaski",NA,NA
17155,"Putnam",NA,NA
17157,"Randolph",0.46,72
17159,"Richland",0.5,35
17161,"Rock Island",0.38,514
17163,"St. Clair",0.43,718
17165,"Saline",0.39,60
17167,"Sangamon",0.41,1933
17169,"Schuyler",NA,NA
17171,"Scott",NA,NA
17173,"Shelby",0.36,97
17175,"Stark",NA,NA
17177,"Stephenson",0.41,172
17179,"Tazewell",0.42,393
17181,"Union",0.5,33
17183,"Vermilion",0.43,223
17185,"Wabash",NA,NA
17187,"Warren",0.4,163
17189,"Washington",NA,NA
17191,"Wayne",NA,NA
17193,"White",NA,NA
17195,"Whiteside",0.4,143
17197,"Will",0.43,2810
17199,"Williamson",0.39,86
17201,"Winnebago",0.41,1183
17203,"Woodford",0.45,105
18001,"Adams",0.43,90
18003,"Allen",0.42,1614
18005,"Bartholomew",0.35,301
18007,"Benton",NA,NA
18009,"Blackford",0.37,34
18011,"Boone",0.4,230
18013,"Brown",0.25,33
18015,"Carroll",NA,NA
18017,"Cass",0.4,68
18019,"Clark",0.37,309
18021,"Clay",0.41,51
18023,"Clinton",0.4,75
18025,"Crawford",NA,NA
18027,"Daviess",0.4,143
18029,"Dearborn",0.44,130
18031,"Decatur",0.4,64
18033,"DeKalb",0.41,105
18035,"Delaware",0.41,2540
18037,"Dubois",0.4,187
18039,"Elkhart",0.41,448
18041,"Fayette",0.34,60
18043,"Floyd",0.39,510
18045,"Fountain",0.37,39
18047,"Franklin",0.41,40
18049,"Fulton",0.34,38
18051,"Gibson",0.43,79
18053,"Grant",0.38,740
18055,"Greene",0.38,84
18057,"Hamilton",0.41,2110
18059,"Hancock",0.41,320
18061,"Harrison",0.4,112
18063,"Hendricks",0.43,579
18065,"Henry",0.4,134
18067,"Howard",0.41,259
18069,"Huntington",0.42,746
18071,"Jackson",0.41,102
18073,"Jasper",0.41,86
18075,"Jay",0.41,53
18077,"Jefferson",0.47,100
18079,"Jennings",0.41,90
18081,"Johnson",0.4,655
18083,"Knox",0.4,242
18085,"Kosciusko",0.37,170
18087,"LaGrange",0.38,53
18089,"Lake",0.42,1272
18091,"LaPorte",0.46,257
18093,"Lawrence",0.43,193
18095,"Madison",0.41,522
18097,"Marion",0.41,4615
18099,"Marshall",0.36,153
18101,"Martin",0.45,62
18103,"Miami",0.43,85
18105,"Monroe",0.4,3569
18107,"Montgomery",0.41,177
18109,"Morgan",0.38,164
18111,"Newton",NA,NA
18113,"Noble",0.37,117
18115,"Ohio",NA,NA
18117,"Orange",0.49,53
18119,"Owen",0.41,55
18121,"Parke",NA,NA
18123,"Perry",NA,NA
18125,"Pike",NA,NA
18127,"Porter",0.39,578
18129,"Posey",0.47,44
18131,"Pulaski",NA,NA
18133,"Putnam",0.43,251
18135,"Randolph",0.46,90
18137,"Ripley",0.33,78
18139,"Rush",0.51,50
18141,"St. Joseph",0.41,1924
18143,"Scott",0.27,193
18145,"Shelby",0.39,103
18147,"Spencer",0.5,37
18149,"Starke",0.43,39
18151,"Steuben",0.41,100
18153,"Sullivan",0.47,47
18155,"Switzerland",NA,NA
18157,"Tippecanoe",0.42,2055
18159,"Tipton",0.43,32
18161,"Union",NA,NA
18163,"Vanderburgh",0.39,1045
18165,"Vermillion",NA,NA
18167,"Vigo",0.41,836
18169,"Wabash",0.44,130
18171,"Warren",NA,NA
18173,"Warrick",0.38,151
18175,"Washington",0.45,54
18177,"Wayne",0.37,305
18179,"Wells",0.38,96
18181,"White",0.44,53
18183,"Whitley",0.37,110
19001,"Adair",NA,NA
19003,"Adams",NA,NA
19005,"Allamakee",NA,NA
19007,"Appanoose",NA,NA
19009,"Audubon",0.52,50
19011,"Benton",0.47,86
19013,"Black Hawk",0.38,1826
19015,"Boone",0.33,54
19017,"Bremer",0.43,194
19019,"Buchanan",0.36,84
19021,"Buena Vista",0.49,103
19023,"Butler",0.42,52
19025,"Calhoun",NA,NA
19027,"Carroll",0.44,43
19029,"Cass",NA,NA
19031,"Cedar",0.44,94
19033,"Cerro Gordo",0.35,81
19035,"Cherokee",0.37,42
19037,"Chickasaw",0.45,32
19039,"Clarke",0.38,35
19041,"Clay",0.54,41
19043,"Clayton",0.3,69
19045,"Clinton",0.42,118
19047,"Crawford",NA,NA
19049,"Dallas",0.38,135
19051,"Davis",NA,NA
19053,"Decatur",0.35,45
19055,"Delaware",0.33,424
19057,"Des Moines",0.44,90
19059,"Dickinson",0.48,82
19061,"Dubuque",0.39,865
19063,"Emmet",0.34,33
19065,"Fayette",0.38,133
19067,"Floyd",0.43,38
19069,"Franklin",NA,NA
19071,"Fremont",NA,NA
19073,"Greene",NA,NA
19075,"Grundy",0.51,32
19077,"Guthrie",NA,NA
19079,"Hamilton",NA,NA
19081,"Hancock",NA,NA
19083,"Hardin",0.4,68
19085,"Harrison",0.23,32
19087,"Henry",0.43,43
19089,"Howard",NA,NA
19091,"Humboldt",NA,NA
19093,"Ida",NA,NA
19095,"Iowa",0.37,76
19097,"Jackson",0.34,59
19099,"Jasper",0.38,114
19101,"Jefferson",0.32,44
19103,"Johnson",0.42,3591
19105,"Jones",0.44,132
19107,"Keokuk",0.29,40
19109,"Kossuth",NA,NA
19111,"Lee",0.37,62
19113,"Linn",0.38,1150
19115,"Louisa",0.33,43
19117,"Lucas",NA,NA
19119,"Lyon",NA,NA
19121,"Madison",0.38,39
19123,"Mahaska",0.37,59
19125,"Marion",0.46,173
19127,"Marshall",0.34,192
19129,"Mills",0.46,42
19131,"Mitchell",NA,NA
19133,"Monona",NA,NA
19135,"Monroe",NA,NA
19137,"Montgomery",0.4,39
19139,"Muscatine",0.34,221
19141,"O'Brien",NA,NA
19143,"Osceola",NA,NA
19145,"Page",NA,NA
19147,"Palo Alto",NA,NA
19149,"Plymouth",0.43,92
19151,"Pocahontas",NA,NA
19153,"Polk",0.37,2341
19155,"Pottawattamie",0.43,209
19157,"Poweshiek",0.36,232
19159,"Ringgold",NA,NA
19161,"Sac",0.36,52
19163,"Scott",0.42,501
19165,"Shelby",0.32,90
19167,"Sioux",0.33,176
19169,"Story",0.38,863
19171,"Tama",0.34,31
19173,"Taylor",NA,NA
19175,"Union",0.35,72
19177,"Van Buren",NA,NA
19179,"Wapello",0.32,96
19181,"Warren",0.41,267
19183,"Washington",0.31,168
19185,"Wayne",NA,NA
19187,"Webster",0.38,64
19189,"Winnebago",NA,NA
19191,"Winneshiek",0.29,119
19193,"Woodbury",0.41,409
19195,"Worth",NA,NA
19197,"Wright",NA,NA
20001,"Allen",NA,NA
20003,"Anderson",NA,NA
20005,"Atchison",0.37,121
20007,"Barber",NA,NA
20009,"Barton",NA,NA
20011,"Bourbon",NA,NA
20013,"Brown",NA,NA
20015,"Butler",0.38,266
20017,"Chase",NA,NA
20019,"Chautauqua",NA,NA
20021,"Cherokee",NA,NA
20023,"Cheyenne",NA,NA
20025,"Clark",NA,NA
20027,"Clay",NA,NA
20029,"Cloud",NA,NA
20031,"Coffey",NA,NA
20033,"Comanche",NA,NA
20035,"Cowley",0.29,85
20037,"Crawford",0.4,143
20039,"Decatur",NA,NA
20041,"Dickinson",0.47,42
20043,"Doniphan",NA,NA
20045,"Douglas",0.35,1135
20047,"Edwards",NA,NA
20049,"Elk",NA,NA
20051,"Ellis",0.36,153
20053,"Ellsworth",NA,NA
20055,"Finney",0.38,44
20057,"Ford",0.42,35
20059,"Franklin",0.29,119
20061,"Geary",0.45,168
20063,"Gove",NA,NA
20065,"Graham",NA,NA
20067,"Grant",NA,NA
20069,"Gray",NA,NA
20071,"Greeley",NA,NA
20073,"Greenwood",NA,NA
20075,"Hamilton",NA,NA
20077,"Harper",NA,NA
20079,"Harvey",0.4,144
20081,"Haskell",NA,NA
20083,"Hodgeman",NA,NA
20085,"Jackson",0.28,41
20087,"Jefferson",0.47,66
20089,"Jewell",NA,NA
20091,"Johnson",0.39,3273
20093,"Kearny",NA,NA
20095,"Kingman",NA,NA
20097,"Kiowa",NA,NA
20099,"Labette",0.46,47
20101,"Lane",NA,NA
20103,"Leavenworth",0.43,261
20105,"Lincoln",NA,NA
20107,"Linn",NA,NA
20109,"Logan",NA,NA
20111,"Lyon",0.38,137
20113,"McPherson",0.43,109
20115,"Marion",NA,NA
20117,"Marshall",NA,NA
20119,"Meade",NA,NA
20121,"Miami",0.41,89
20123,"Mitchell",NA,NA
20125,"Montgomery",0.47,79
20127,"Morris",NA,NA
20129,"Morton",NA,NA
20131,"Nemaha",NA,NA
20133,"Neosho",0.44,67
20135,"Ness",NA,NA
20137,"Norton",NA,NA
20139,"Osage",0.38,60
20141,"Osborne",NA,NA
20143,"Ottawa",NA,NA
20145,"Pawnee",NA,NA
20147,"Phillips",NA,NA
20149,"Pottawatomie",0.41,50
20151,"Pratt",NA,NA
20153,"Rawlins",NA,NA
20155,"Reno",0.39,154
20157,"Republic",NA,NA
20159,"Rice",0.3,37
20161,"Riley",0.41,1198
20163,"Rooks",NA,NA
20165,"Rush",NA,NA
20167,"Russell",NA,NA
20169,"Saline",0.38,162
20171,"Scott",NA,NA
20173,"Sedgwick",0.41,1478
20175,"Seward",NA,NA
20177,"Shawnee",0.41,1133
20179,"Sheridan",NA,NA
20181,"Sherman",NA,NA
20183,"Smith",NA,NA
20185,"Stafford",NA,NA
20187,"Stanton",NA,NA
20189,"Stevens",NA,NA
20191,"Sumner",0.41,66
20193,"Thomas",NA,NA
20195,"Trego",NA,NA
20197,"Wabaunsee",NA,NA
20199,"Wallace",NA,NA
20201,"Washington",NA,NA
20203,"Wichita",NA,NA
20205,"Wilson",NA,NA
20207,"Woodson",NA,NA
20209,"Wyandotte",0.35,322
21001,"Adair",0.45,165
21003,"Allen",0.52,57
21005,"Anderson",0.39,71
21007,"Ballard",NA,NA
21009,"Barren",0.45,368
21011,"Bath",NA,NA
21013,"Bell",0.41,32
21015,"Boone",0.41,458
21017,"Bourbon",0.33,39
21019,"Boyd",0.39,129
21021,"Boyle",0.44,177
21023,"Bracken",NA,NA
21025,"Breathitt",NA,NA
21027,"Breckinridge",0.46,45
21029,"Bullitt",0.37,216
21031,"Butler",NA,NA
21033,"Caldwell",NA,NA
21035,"Calloway",0.31,218
21037,"Campbell",0.37,327
21039,"Carlisle",NA,NA
21041,"Carroll",NA,NA
21043,"Carter",0.44,53
21045,"Casey",NA,NA
21047,"Christian",0.35,261
21049,"Clark",0.41,91
21051,"Clay",NA,NA
21053,"Clinton",NA,NA
21055,"Crittenden",NA,NA
21057,"Cumberland",NA,NA
21059,"Daviess",0.39,173
21061,"Edmonson",NA,NA
21063,"Elliott",NA,NA
21065,"Estill",NA,NA
21067,"Fayette",0.39,2051
21069,"Fleming",NA,NA
21071,"Floyd",0.31,64
21073,"Franklin",0.42,191
21075,"Fulton",NA,NA
21077,"Gallatin",NA,NA
21079,"Garrard",0.31,39
21081,"Grant",0.39,74
21083,"Graves",0.37,69
21085,"Grayson",0.34,51
21087,"Green",0.48,35
21089,"Greenup",0.42,78
21091,"Hancock",NA,NA
21093,"Hardin",0.38,328
21095,"Harlan",NA,NA
21097,"Harrison",NA,NA
21099,"Hart",0.47,89
21101,"Henderson",0.4,118
21103,"Henry",0.33,31
21105,"Hickman",NA,NA
21107,"Hopkins",0.37,83
21109,"Jackson",NA,NA
21111,"Jefferson",0.4,3995
21113,"Jessamine",0.42,244
21115,"Johnson",0.44,38
21117,"Kenton",0.42,603
21119,"Knott",NA,NA
21121,"Knox",0.45,31
21123,"Larue",NA,NA
21125,"Laurel",0.31,82
21127,"Lawrence",0.44,31
21129,"Lee",NA,NA
21131,"Leslie",NA,NA
21133,"Letcher",NA,NA
21135,"Lewis",NA,NA
21137,"Lincoln",0.36,80
21139,"Livingston",NA,NA
21141,"Logan",0.49,46
21143,"Lyon",NA,NA
21145,"McCracken",0.44,189
21147,"McCreary",0.32,36
21149,"McLean",NA,NA
21151,"Madison",0.39,618
21153,"Magoffin",NA,NA
21155,"Marion",0.52,38
21157,"Marshall",0.44,58
21159,"Martin",NA,NA
21161,"Mason",NA,NA
21163,"Meade",0.37,50
21165,"Menifee",NA,NA
21167,"Mercer",0.37,40
21169,"Metcalfe",0.44,73
21171,"Monroe",0.45,78
21173,"Montgomery",0.43,81
21175,"Morgan",NA,NA
21177,"Muhlenberg",0.31,32
21179,"Nelson",0.57,106
21181,"Nicholas",NA,NA
21183,"Ohio",0.47,37
21185,"Oldham",0.41,421
21187,"Owen",NA,NA
21189,"Owsley",NA,NA
21191,"Pendleton",NA,NA
21193,"Perry",0.45,32
21195,"Pike",0.4,69
21197,"Powell",NA,NA
21199,"Pulaski",0.41,111
21201,"Robertson",NA,NA
21203,"Rockcastle",NA,NA
21205,"Rowan",0.39,163
21207,"Russell",0.42,46
21209,"Scott",0.39,156
21211,"Shelby",0.43,90
21213,"Simpson",0.45,40
21215,"Spencer",0.35,52
21217,"Taylor",0.45,75
21219,"Todd",NA,NA
21221,"Trigg",NA,NA
21223,"Trimble",NA,NA
21225,"Union",0.47,31
21227,"Warren",0.45,486
21229,"Washington",NA,NA
21231,"Wayne",NA,NA
21233,"Webster",NA,NA
21235,"Whitley",0.45,153
21237,"Wolfe",NA,NA
21239,"Woodford",0.35,92
22001,"Acadia",0.44,57
22003,"Allen",NA,NA
22005,"Ascension",0.49,175
22007,"Assumption",NA,NA
22009,"Avoyelles",NA,NA
22011,"Beauregard",0.43,41
22013,"Bienville",NA,NA
22015,"Bossier",0.43,234
22017,"Caddo",0.47,682
22019,"Calcasieu",0.51,303
22021,"Caldwell",NA,NA
22023,"Cameron",NA,NA
22025,"Catahoula",NA,NA
22027,"Claiborne",NA,NA
22029,"Concordia",NA,NA
22031,"De Soto",NA,NA
22033,"East Baton Rouge",0.44,1270
22035,"East Carroll",NA,NA
22037,"East Feliciana",NA,NA
22039,"Evangeline",NA,NA
22041,"Franklin",NA,NA
22043,"Grant",NA,NA
22045,"Iberia",0.39,67
22047,"Iberville",0.46,37
22049,"Jackson",NA,NA
22051,"Jefferson",0.46,1035
22053,"Jefferson Davis",0.42,46
22055,"Lafayette",0.48,486
22057,"Lafourche",0.49,116
22059,"La Salle",NA,NA
22061,"Lincoln",0.41,162
22063,"Livingston",0.47,219
22065,"Madison",NA,NA
22067,"Morehouse",NA,NA
22069,"Natchitoches",0.46,83
22071,"Orleans",0.39,2028
22073,"Ouachita",0.5,245
22075,"Plaquemines",0.49,50
22077,"Pointe Coupee",NA,NA
22079,"Rapides",0.48,194
22081,"Red River",NA,NA
22083,"Richland",NA,NA
22085,"Sabine",NA,NA
22087,"St. Bernard",0.48,58
22089,"St. Charles",0.49,113
22091,"St. Helena",NA,NA
22093,"St. James",NA,NA
22095,"St. John the Baptist",0.45,49
22097,"St. Landry",0.38,80
22099,"St. Martin",0.5,33
22101,"St. Mary",0.46,99
22103,"St. Tammany",0.44,826
22105,"Tangipahoa",0.47,205
22107,"Tensas",NA,NA
22109,"Terrebonne",0.41,129
22111,"Union",NA,NA
22113,"Vermilion",0.45,76
22115,"Vernon",0.44,120
22117,"Washington",0.47,48
22119,"Webster",0.45,51
22121,"West Baton Rouge",0.38,36
22123,"West Carroll",NA,NA
22125,"West Feliciana",NA,NA
22127,"Winn",NA,NA
23001,"Androscoggin",0.34,414
23003,"Aroostook",0.34,161
23005,"Cumberland",0.38,2050
23007,"Franklin",0.31,234
23009,"Hancock",0.33,190
23011,"Kennebec",0.43,534
23013,"Knox",0.33,147
23015,"Lincoln",0.36,110
23017,"Oxford",0.34,155
23019,"Penobscot",0.41,1054
23021,"Piscataquis",0.37,36
23023,"Sagadahoc",0.28,124
23025,"Somerset",0.33,167
23027,"Waldo",0.42,106
23029,"Washington",0.41,61
23031,"York",0.35,777
24001,"Allegany",0.39,482
24003,"Anne Arundel",0.4,2540
24005,"Baltimore",0.45,3276
24009,"Calvert",0.43,449
24011,"Caroline",0.42,104
24013,"Carroll",0.39,755
24015,"Cecil",0.4,287
24017,"Charles",0.44,432
24019,"Dorchester",0.46,90
24021,"Frederick",0.39,1093
24023,"Garrett",0.37,56
24025,"Harford",0.43,916
24027,"Howard",0.41,1679
24029,"Kent",0.4,322
24031,"Montgomery",0.39,7565
24033,"Prince George's",0.41,1972
24035,"Queen Anne's",0.44,147
24037,"St. Mary's",0.43,458
24039,"Somerset",0.47,39
24041,"Talbot",0.5,137
24043,"Washington",0.43,379
24045,"Wicomico",0.46,675
24047,"Worcester",0.42,155
24510,"Baltimore city",0.41,2990
25001,"Barnstable",0.4,1324
25003,"Berkshire",NA,NA
25005,"Bristol",0.42,2575
25007,"Dukes",0.31,78
25009,"Essex",0.39,3934
25011,"Franklin",NA,NA
25013,"Hampden",0.38,5199
25015,"Hampshire",NA,NA
25017,"Middlesex",0.38,15002
25019,"Nantucket",NA,NA
25021,"Norfolk",0.4,3734
25023,"Plymouth",0.43,1747
25025,"Suffolk",0.39,6422
25027,"Worcester",0.41,3049
26001,"Alcona",NA,NA
26003,"Alger",NA,NA
26005,"Allegan",0.34,342
26007,"Alpena",0.36,45
26009,"Antrim",0.42,72
26011,"Arenac",0.45,33
26013,"Baraga",NA,NA
26015,"Barry",0.4,128
26017,"Bay",0.41,509
26019,"Benzie",0.25,51
26021,"Berrien",0.44,522
26023,"Branch",0.37,99
26025,"Calhoun",0.38,502
26027,"Cass",0.45,115
26029,"Charlevoix",0.31,48
26031,"Cheboygan",0.41,40
26033,"Chippewa",0.37,123
26035,"Clare",0.31,82
26037,"Clinton",0.36,144
26039,"Crawford",NA,NA
26041,"Delta",0.39,62
26043,"Dickinson",0.21,76
26045,"Eaton",0.36,635
26047,"Emmet",0.35,82
26049,"Genesee",0.42,1550
26051,"Gladwin",0.36,48
26053,"Gogebic",0.25,32
26055,"Grand Traverse",0.39,772
26057,"Gratiot",0.41,156
26059,"Hillsdale",0.4,106
26061,"Houghton",0.41,156
26063,"Huron",0.45,62
26065,"Ingham",0.39,2343
26067,"Ionia",0.38,228
26069,"Iosco",0.32,38
26071,"Iron",NA,NA
26073,"Isabella",0.43,766
26075,"Jackson",0.41,478
26077,"Kalamazoo",0.39,1950
26079,"Kalkaska",0.41,39
26081,"Kent",0.39,4050
26083,"Keweenaw",NA,NA
26085,"Lake",NA,NA
26087,"Lapeer",0.43,189
26089,"Leelanau",0.36,70
26091,"Lenawee",0.41,237
26093,"Livingston",0.37,761
26095,"Luce",NA,NA
26097,"Mackinac",0.29,59
26099,"Macomb",0.42,3393
26101,"Manistee",0.34,42
26103,"Marquette",0.34,298
26105,"Mason",0.4,66
26107,"Mecosta",0.43,292
26109,"Menominee",0.48,33
26111,"Midland",0.33,1036
26113,"Missaukee",NA,NA
26115,"Monroe",0.42,561
26117,"Montcalm",0.4,160
26119,"Montmorency",NA,NA
26121,"Muskegon",0.41,947
26123,"Newaygo",0.41,100
26125,"Oakland",0.42,5625
26127,"Oceana",0.41,69
26129,"Ogemaw",0.26,34
26131,"Ontonagon",NA,NA
26133,"Osceola",0.36,73
26135,"Oscoda",NA,NA
26137,"Otsego",0.45,59
26139,"Ottawa",0.37,2932
26141,"Presque Isle",NA,NA
26143,"Roscommon",0.39,62
26145,"Saginaw",0.43,610
26147,"St. Clair",0.43,453
26149,"St. Joseph",0.37,172
26151,"Sanilac",0.36,71
26153,"Schoolcraft",NA,NA
26155,"Shiawassee",0.39,260
26157,"Tuscola",0.44,132
26159,"Van Buren",0.38,217
26161,"Washtenaw",0.38,4235
26163,"Wayne",0.41,4121
26165,"Wexford",0.35,125
27001,"Aitkin",0.45,52
27003,"Anoka",0.42,1957
27005,"Becker",0.32,87
27007,"Beltrami",0.38,151
27009,"Benton",0.35,164
27011,"Big Stone",NA,NA
27013,"Blue Earth",0.41,671
27015,"Brown",0.39,162
27017,"Carlton",0.42,114
27019,"Carver",0.37,450
27021,"Cass",0.27,39
27023,"Chippewa",NA,NA
27025,"Chisago",0.4,325
27027,"Clay",0.35,609
27029,"Clearwater",NA,NA
27031,"Cook",NA,NA
27033,"Cottonwood",NA,NA
27035,"Crow Wing",0.42,258
27037,"Dakota",0.4,2418
27039,"Dodge",0.45,84
27041,"Douglas",0.43,68
27043,"Faribault",0.38,35
27045,"Fillmore",0.4,122
27047,"Freeborn",0.35,81
27049,"Goodhue",0.4,208
27051,"Grant",NA,NA
27053,"Hennepin",0.37,9364
27055,"Houston",0.37,112
27057,"Hubbard",NA,NA
27059,"Isanti",0.34,157
27061,"Itasca",0.37,474
27063,"Jackson",NA,NA
27065,"Kanabec",0.44,34
27067,"Kandiyohi",0.35,106
27069,"Kittson",NA,NA
27071,"Koochiching",0.37,44
27073,"Lac qui Parle",NA,NA
27075,"Lake",0.22,32
27077,"Lake of the Woods",NA,NA
27079,"Le Sueur",0.39,83
27081,"Lincoln",NA,NA
27083,"Lyon",0.36,111
27085,"McLeod",0.42,93
27087,"Mahnomen",NA,NA
27089,"Marshall",NA,NA
27091,"Martin",0.35,82
27093,"Meeker",0.47,102
27095,"Mille Lacs",0.41,128
27097,"Morrison",0.37,90
27099,"Mower",0.42,117
27101,"Murray",NA,NA
27103,"Nicollet",0.39,270
27105,"Nobles",NA,NA
27107,"Norman",NA,NA
27109,"Olmsted",0.41,1366
27111,"Otter Tail",0.44,92
27113,"Pennington",NA,NA
27115,"Pine",0.41,117
27117,"Pipestone",NA,NA
27119,"Polk",0.27,60
27121,"Pope",NA,NA
27123,"Ramsey",0.36,4395
27125,"Red Lake",NA,NA
27127,"Redwood",0.41,39
27129,"Renville",0.36,39
27131,"Rice",0.38,848
27133,"Rock",NA,NA
27135,"Roseau",NA,NA
27137,"St. Louis",0.41,1815
27139,"Scott",0.42,951
27141,"Sherburne",0.43,482
27143,"Sibley",0.33,32
27145,"Stearns",0.39,1395
27147,"Steele",0.42,142
27149,"Stevens",0.37,76
27151,"Swift",NA,NA
27153,"Todd",0.44,52
27155,"Traverse",NA,NA
27157,"Wabasha",0.41,183
27159,"Wadena",NA,NA
27161,"Waseca",0.42,84
27163,"Washington",0.4,1417
27165,"Watonwan",NA,NA
27167,"Wilkin",NA,NA
27169,"Winona",0.41,800
27171,"Wright",0.4,554
27173,"Yellow Medicine",NA,NA
28001,"Adams",NA,NA
28003,"Alcorn",NA,NA
28005,"Amite",NA,NA
28007,"Attala",NA,NA
28009,"Benton",NA,NA
28011,"Bolivar",0.48,37
28013,"Calhoun",NA,NA
28015,"Carroll",NA,NA
28017,"Chickasaw",NA,NA
28019,"Choctaw",NA,NA
28021,"Claiborne",NA,NA
28023,"Clarke",NA,NA
28025,"Clay",NA,NA
28027,"Coahoma",NA,NA
28029,"Copiah",NA,NA
28031,"Covington",NA,NA
28033,"DeSoto",0.49,325
28035,"Forrest",0.47,313
28037,"Franklin",NA,NA
28039,"George",NA,NA
28041,"Greene",NA,NA
28043,"Grenada",NA,NA
28045,"Hancock",0.43,58
28047,"Harrison",0.46,335
28049,"Hinds",0.41,334
28051,"Holmes",NA,NA
28053,"Humphreys",NA,NA
28055,"Issaquena",NA,NA
28057,"Itawamba",0.33,45
28059,"Jackson",0.49,220
28061,"Jasper",NA,NA
28063,"Jefferson",NA,NA
28065,"Jefferson Davis",NA,NA
28067,"Jones",0.47,59
28069,"Kemper",NA,NA
28071,"Lafayette",0.45,383
28073,"Lamar",NA,NA
28075,"Lauderdale",0.41,101
28077,"Lawrence",NA,NA
28079,"Leake",NA,NA
28081,"Lee",0.47,120
28083,"Leflore",NA,NA
28085,"Lincoln",NA,NA
28087,"Lowndes",0.42,79
28089,"Madison",0.42,189
28091,"Marion",NA,NA
28093,"Marshall",0.53,31
28095,"Monroe",0.55,35
28097,"Montgomery",NA,NA
28099,"Neshoba",NA,NA
28101,"Newton",NA,NA
28103,"Noxubee",NA,NA
28105,"Oktibbeha",0.48,423
28107,"Panola",NA,NA
28109,"Pearl River",0.39,68
28111,"Perry",NA,NA
28113,"Pike",NA,NA
28115,"Pontotoc",NA,NA
28117,"Prentiss",NA,NA
28119,"Quitman",NA,NA
28121,"Rankin",0.46,240
28123,"Scott",NA,NA
28125,"Sharkey",NA,NA
28127,"Simpson",NA,NA
28129,"Smith",NA,NA
28131,"Stone",NA,NA
28133,"Sunflower",NA,NA
28135,"Tallahatchie",NA,NA
28137,"Tate",NA,NA
28139,"Tippah",NA,NA
28141,"Tishomingo",NA,NA
28143,"Tunica",NA,NA
28145,"Union",NA,NA
28147,"Walthall",NA,NA
28149,"Warren",0.47,42
28151,"Washington",0.56,36
28153,"Wayne",NA,NA
28155,"Webster",NA,NA
28157,"Wilkinson",NA,NA
28159,"Winston",NA,NA
28161,"Yalobusha",NA,NA
28163,"Yazoo",NA,NA
29001,"Adair",0.41,350
29003,"Andrew",NA,NA
29005,"Atchison",NA,NA
29007,"Audrain",0.4,70
29009,"Barry",0.28,54
29011,"Barton",NA,NA
29013,"Bates",0.37,65
29015,"Benton",NA,NA
29017,"Bollinger",NA,NA
29019,"Boone",0.41,3082
29021,"Buchanan",0.42,245
29023,"Butler",0.36,82
29025,"Caldwell",0.3,31
29027,"Callaway",0.43,559
29029,"Camden",0.45,73
29031,"Cape Girardeau",0.41,390
29033,"Carroll",NA,NA
29035,"Carter",NA,NA
29037,"Cass",0.43,259
29039,"Cedar",0.44,31
29041,"Chariton",NA,NA
29043,"Christian",0.46,224
29045,"Clark",NA,NA
29047,"Clay",0.4,1123
29049,"Clinton",0.38,41
29051,"Cole",0.4,271
29053,"Cooper",0.48,33
29055,"Crawford",0.4,42
29057,"Dade",NA,NA
29059,"Dallas",NA,NA
29061,"Daviess",0.38,32
29063,"DeKalb",NA,NA
29065,"Dent",NA,NA
29067,"Douglas",0.54,40
29069,"Dunklin",0.39,82
29071,"Franklin",0.41,247
29073,"Gasconade",0.44,41
29075,"Gentry",NA,NA
29077,"Greene",0.39,1282
29079,"Grundy",NA,NA
29081,"Harrison",NA,NA
29083,"Henry",0.33,93
29085,"Hickory",NA,NA
29087,"Holt",NA,NA
29089,"Howard",NA,NA
29091,"Howell",0.37,127
29093,"Iron",NA,NA
29095,"Jackson",0.39,2493
29097,"Jasper",0.42,237
29099,"Jefferson",0.42,442
29101,"Johnson",0.41,382
29103,"Knox",NA,NA
29105,"Laclede",0.42,92
29107,"Lafayette",0.37,183
29109,"Lawrence",0.43,78
29111,"Lewis",0.34,58
29113,"Lincoln",0.42,138
29115,"Linn",NA,NA
29117,"Livingston",0.36,33
29119,"McDonald",NA,NA
29121,"Macon",NA,NA
29123,"Madison",NA,NA
29125,"Maries",NA,NA
29127,"Marion",0.4,75
29129,"Mercer",NA,NA
29131,"Miller",NA,NA
29133,"Mississippi",0.47,38
29135,"Moniteau",NA,NA
29137,"Monroe",NA,NA
29139,"Montgomery",0.32,47
29141,"Morgan",NA,NA
29143,"New Madrid",0.38,31
29145,"Newton",0.38,48
29147,"Nodaway",0.37,164
29149,"Oregon",NA,NA
29151,"Osage",NA,NA
29153,"Ozark",NA,NA
29155,"Pemiscot",NA,NA
29157,"Perry",0.39,41
29159,"Pettis",0.44,83
29161,"Phelps",0.36,176
29163,"Pike",0.41,52
29165,"Platte",0.4,783
29167,"Polk",0.35,105
29169,"Pulaski",0.42,136
29171,"Putnam",NA,NA
29173,"Ralls",NA,NA
29175,"Randolph",0.41,49
29177,"Ray",0.5,45
29179,"Reynolds",NA,NA
29181,"Ripley",NA,NA
29183,"St. Charles",0.41,2128
29185,"St. Clair",NA,NA
29186,"Ste. Genevieve",NA,NA
29187,"St. Francois",0.33,114
29189,"St. Louis",0.43,7044
29195,"Saline",0.4,86
29197,"Schuyler",NA,NA
29199,"Scotland",NA,NA
29201,"Scott",0.46,121
29203,"Shannon",NA,NA
29205,"Shelby",NA,NA
29207,"Stoddard",0.44,47
29209,"Stone",0.44,64
29211,"Sullivan",NA,NA
29213,"Taney",0.4,118
29215,"Texas",0.37,63
29217,"Vernon",0.41,90
29219,"Warren",0.43,69
29221,"Washington",NA,NA
29223,"Wayne",0.41,59
29225,"Webster",0.42,93
29227,"Worth",NA,NA
29229,"Wright",0.33,64
29510,"St. Louis city",0.4,1859
30001,"Beaverhead",0.28,36
30003,"Big Horn",NA,NA
30005,"Blaine",NA,NA
30007,"Broadwater",NA,NA
30009,"Carbon",NA,NA
30011,"Carter",NA,NA
30013,"Cascade",0.33,489
30015,"Chouteau",NA,NA
30017,"Custer",NA,NA
30019,"Daniels",NA,NA
30021,"Dawson",NA,NA
30023,"Deer Lodge",NA,NA
30025,"Fallon",NA,NA
30027,"Fergus",NA,NA
30029,"Flathead",0.39,172
30031,"Gallatin",0.36,2112
30033,"Garfield",NA,NA
30035,"Glacier",NA,NA
30037,"Golden Valley",NA,NA
30039,"Granite",NA,NA
30041,"Hill",0.44,50
30043,"Jefferson",NA,NA
30045,"Judith Basin",NA,NA
30047,"Lake",0.3,43
30049,"Lewis and Clark",0.37,296
30051,"Liberty",NA,NA
30053,"Lincoln",0.41,38
30055,"McCone",NA,NA
30057,"Madison",NA,NA
30059,"Meagher",NA,NA
30061,"Mineral",NA,NA
30063,"Missoula",0.3,671
30065,"Musselshell",NA,NA
30067,"Park",0.41,63
30069,"Petroleum",NA,NA
30071,"Phillips",NA,NA
30073,"Pondera",NA,NA
30075,"Powder River",NA,NA
30077,"Powell",NA,NA
30079,"Prairie",NA,NA
30081,"Ravalli",0.28,64
30083,"Richland",0.39,53
30085,"Roosevelt",NA,NA
30087,"Rosebud",NA,NA
30089,"Sanders",NA,NA
30091,"Sheridan",NA,NA
30093,"Silver Bow",0.21,74
30095,"Stillwater",NA,NA
30097,"Sweet Grass",NA,NA
30099,"Teton",NA,NA
30101,"Toole",NA,NA
30103,"Treasure",NA,NA
30105,"Valley",NA,NA
30107,"Wheatland",NA,NA
30109,"Wibaux",NA,NA
30111,"Yellowstone",0.35,222
30113,"Yellowstone National Park",NA,NA
31001,"Adams",0.42,97
31003,"Antelope",NA,NA
31005,"Arthur",NA,NA
31007,"Banner",NA,NA
31009,"Blaine",NA,NA
31011,"Boone",NA,NA
31013,"Box Butte",NA,NA
31015,"Boyd",NA,NA
31017,"Brown",NA,NA
31019,"Buffalo",0.38,182
31021,"Burt",NA,NA
31023,"Butler",0.4,34
31025,"Cass",0.39,90
31027,"Cedar",NA,NA
31029,"Chase",NA,NA
31031,"Cherry",NA,NA
31033,"Cheyenne",NA,NA
31035,"Clay",NA,NA
31037,"Colfax",NA,NA
31039,"Cuming",NA,NA
31041,"Custer",NA,NA
31043,"Dakota",NA,NA
31045,"Dawes",0.29,106
31047,"Dawson",NA,NA
31049,"Deuel",NA,NA
31051,"Dixon",NA,NA
31053,"Dodge",0.42,97
31055,"Douglas",0.38,3321
31057,"Dundy",NA,NA
31059,"Fillmore",NA,NA
31061,"Franklin",NA,NA
31063,"Frontier",NA,NA
31065,"Furnas",NA,NA
31067,"Gage",0.41,103
31069,"Garden",NA,NA
31071,"Garfield",NA,NA
31073,"Gosper",NA,NA
31075,"Grant",NA,NA
31077,"Greeley",NA,NA
31079,"Hall",0.36,189
31081,"Hamilton",NA,NA
31083,"Harlan",NA,NA
31085,"Hayes",NA,NA
31087,"Hitchcock",NA,NA
31089,"Holt",NA,NA
31091,"Hooker",NA,NA
31093,"Howard",NA,NA
31095,"Jefferson",NA,NA
31097,"Johnson",NA,NA
31099,"Kearney",NA,NA
31101,"Keith",NA,NA
31103,"Keya Paha",NA,NA
31105,"Kimball",NA,NA
31107,"Knox",0.27,48
31109,"Lancaster",0.41,5204
31111,"Lincoln",0.43,90
31113,"Logan",NA,NA
31115,"Loup",NA,NA
31117,"McPherson",NA,NA
31119,"Madison",0.4,88
31121,"Merrick",NA,NA
31123,"Morrill",NA,NA
31125,"Nance",NA,NA
31127,"Nemaha",NA,NA
31129,"Nuckolls",NA,NA
31131,"Otoe",0.24,73
31133,"Pawnee",NA,NA
31135,"Perkins",NA,NA
31137,"Phelps",NA,NA
31139,"Pierce",NA,NA
31141,"Platte",0.43,57
31143,"Polk",NA,NA
31145,"Red Willow",NA,NA
31147,"Richardson",NA,NA
31149,"Rock",NA,NA
31151,"Saline",0.41,96
31153,"Sarpy",0.38,1135
31155,"Saunders",0.42,68
31157,"Scotts Bluff",0.38,76
31159,"Seward",0.42,440
31161,"Sheridan",NA,NA
31163,"Sherman",NA,NA
31165,"Sioux",NA,NA
31167,"Stanton",NA,NA
31169,"Thayer",NA,NA
31171,"Thomas",NA,NA
31173,"Thurston",NA,NA
31175,"Valley",NA,NA
31177,"Washington",0.45,46
31179,"Wayne",0.41,73
31181,"Webster",NA,NA
31183,"Wheeler",NA,NA
31185,"York",0.5,33
32001,"Churchill",0.35,137
32003,"Clark",0.42,4204
32005,"Douglas",0.35,100
32007,"Elko",0.34,159
32009,"Esmeralda",NA,NA
32011,"Eureka",NA,NA
32013,"Humboldt",NA,NA
32015,"Lander",NA,NA
32017,"Lincoln",NA,NA
32019,"Lyon",0.44,162
32021,"Mineral",NA,NA
32023,"Nye",0.44,81
32027,"Pershing",NA,NA
32029,"Storey",NA,NA
32031,"Washoe",0.37,2012
32033,"White Pine",NA,NA
32510,"Carson City city",0.41,177
33001,"Belknap",0.4,297
33003,"Carroll",0.38,153
33005,"Cheshire",0.37,478
33007,"Coos",0.43,158
33009,"Grafton",0.4,1455
33011,"Hillsborough",0.4,1896
33013,"Merrimack",0.36,1080
33015,"Rockingham",0.41,1401
33017,"Strafford",0.36,634
33019,"Sullivan",0.4,145
34001,"Atlantic",0.45,840
34003,"Bergen",0.44,3390
34005,"Burlington",0.44,1615
34007,"Camden",0.44,1281
34009,"Cape May",0.4,309
34011,"Cumberland",0.41,233
34013,"Essex",0.41,2026
34015,"Gloucester",0.45,932
34017,"Hudson",0.43,1458
34019,"Hunterdon",0.41,812
34021,"Mercer",0.43,2248
34023,"Middlesex",0.45,2556
34025,"Monmouth",0.42,2182
34027,"Morris",0.44,1973
34029,"Ocean",0.42,1508
34031,"Passaic",0.43,1003
34033,"Salem",0.42,175
34035,"Somerset",0.42,1103
34037,"Sussex",0.45,582
34039,"Union",0.44,2126
34041,"Warren",0.46,415
35001,"Bernalillo",0.32,1605
35003,"Catron",NA,NA
35005,"Chaves",0.43,68
35006,"Cibola",NA,NA
35007,"Colfax",NA,NA
35009,"Curry",0.33,81
35011,"De Baca",NA,NA
35013,"Dona Ana",0.36,404
35015,"Eddy",0.39,47
35017,"Grant",0.32,54
35019,"Guadalupe",NA,NA
35021,"Harding",NA,NA
35023,"Hidalgo",NA,NA
35025,"Lea",0.49,67
35027,"Lincoln",NA,NA
35028,"Los Alamos",0.38,66
35029,"Luna",NA,NA
35031,"McKinley",0.38,37
35033,"Mora",NA,NA
35035,"Otero",0.38,86
35037,"Quay",NA,NA
35039,"Rio Arriba",NA,NA
35041,"Roosevelt",0.36,41
35043,"Sandoval",0.43,238
35045,"San Juan",0.33,93
35047,"San Miguel",0.32,35
35049,"Santa Fe",0.32,469
35051,"Sierra",NA,NA
35053,"Socorro",0.25,60
35055,"Taos",0.24,54
35057,"Torrance",0.41,33
35059,"Union",NA,NA
35061,"Valencia",0.41,74
36001,"Albany",0.43,1569
36003,"Allegany",0.4,384
36005,"Bronx",0.41,1228
36007,"Broome",0.42,806
36009,"Cattaraugus",0.41,370
36011,"Cayuga",0.38,157
36013,"Chautauqua",0.4,301
36015,"Chemung",0.41,312
36017,"Chenango",0.39,153
36019,"Clinton",0.43,782
36021,"Columbia",0.4,132
36023,"Cortland",0.39,334
36025,"Delaware",0.45,71
36027,"Dutchess",0.42,1266
36029,"Erie",0.44,3270
36031,"Essex",0.36,123
36033,"Franklin",0.33,153
36035,"Fulton",0.34,287
36037,"Genesee",0.42,343
36039,"Greene",0.4,136
36041,"Hamilton",NA,NA
36043,"Herkimer",0.39,282
36045,"Jefferson",0.39,313
36047,"Kings",0.35,6320
36049,"Lewis",0.45,37
36051,"Livingston",0.39,316
36053,"Madison",0.42,669
36055,"Monroe",0.41,3528
36057,"Montgomery",0.39,219
36059,"Nassau",0.45,4219
36061,"New York",0.39,12502
36063,"Niagara",0.41,486
36065,"Oneida",0.43,766
36067,"Onondaga",0.4,2503
36069,"Ontario",0.44,706
36071,"Orange",0.45,1527
36073,"Orleans",0.39,91
36075,"Oswego",0.39,351
36077,"Otsego",0.42,417
36079,"Putnam",0.38,314
36081,"Queens",0.4,2909
36083,"Rensselaer",0.42,658
36085,"Richmond",0.43,1075
36087,"Rockland",0.42,695
36089,"St. Lawrence",0.42,474
36091,"Saratoga",0.38,1247
36093,"Schenectady",0.41,1322
36095,"Schoharie",0.44,94
36097,"Schuyler",0.37,36
36099,"Seneca",0.35,105
36101,"Steuben",0.33,286
36103,"Suffolk",0.43,6764
36105,"Sullivan",0.38,129
36107,"Tioga",0.34,158
36109,"Tompkins",0.41,1857
36111,"Ulster",0.38,600
36113,"Warren",0.4,309
36115,"Washington",0.43,176
36117,"Wayne",0.43,459
36119,"Westchester",0.41,4102
36121,"Wyoming",0.42,134
36123,"Yates",0.49,133
37001,"Alamance",0.43,927
37003,"Alexander",0.39,49
37005,"Alleghany",NA,NA
37007,"Anson",0.37,39
37009,"Ashe",0.45,59
37011,"Avery",0.43,63
37013,"Beaufort",0.4,136
37015,"Bertie",NA,NA
37017,"Bladen",NA,NA
37019,"Brunswick",0.41,194
37021,"Buncombe",0.39,1385
37023,"Burke",0.35,239
37025,"Cabarrus",0.43,773
37027,"Caldwell",0.38,108
37029,"Camden",NA,NA
37031,"Carteret",0.42,152
37033,"Caswell",NA,NA
37035,"Catawba",0.45,378
37037,"Chatham",0.36,139
37039,"Cherokee",0.35,47
37041,"Chowan",NA,NA
37043,"Clay",NA,NA
37045,"Cleveland",0.44,337
37047,"Columbus",0.42,55
37049,"Craven",0.44,346
37051,"Cumberland",0.43,914
37053,"Currituck",0.49,62
37055,"Dare",0.39,143
37057,"Davidson",0.42,533
37059,"Davie",0.45,197
37061,"Duplin",0.52,74
37063,"Durham",0.4,2710
37065,"Edgecombe",0.4,63
37067,"Forsyth",0.41,2143
37069,"Franklin",0.4,140
37071,"Gaston",0.4,622
37073,"Gates",NA,NA
37075,"Graham",NA,NA
37077,"Granville",0.4,95
37079,"Greene",0.52,35
37081,"Guilford",0.42,2055
37083,"Halifax",0.38,65
37085,"Harnett",0.47,313
37087,"Haywood",0.36,225
37089,"Henderson",0.41,308
37091,"Hertford",NA,NA
37093,"Hoke",0.47,96
37095,"Hyde",NA,NA
37097,"Iredell",0.44,436
37099,"Jackson",0.39,615
37101,"Johnston",0.43,440
37103,"Jones",NA,NA
37105,"Lee",0.48,188
37107,"Lenoir",0.49,128
37109,"Lincoln",0.4,131
37111,"McDowell",0.4,120
37113,"Macon",0.38,59
37115,"Madison",0.4,197
37117,"Martin",0.44,35
37119,"Mecklenburg",0.43,4094
37121,"Mitchell",0.45,38
37123,"Montgomery",NA,NA
37125,"Moore",0.39,260
37127,"Nash",0.49,178
37129,"New Hanover",0.45,1194
37131,"Northampton",NA,NA
37133,"Onslow",0.43,674
37135,"Orange",0.4,2425
37137,"Pamlico",NA,NA
37139,"Pasquotank",0.5,84
37141,"Pender",0.44,109
37143,"Perquimans",NA,NA
37145,"Person",0.4,72
37147,"Pitt",0.45,1536
37149,"Polk",0.31,67
37151,"Randolph",0.41,284
37153,"Richmond",0.57,60
37155,"Robeson",0.39,123
37157,"Rockingham",0.5,150
37159,"Rowan",0.45,314
37161,"Rutherford",0.49,102
37163,"Sampson",0.48,84
37165,"Scotland",0.54,54
37167,"Stanly",0.46,163
37169,"Stokes",0.37,110
37171,"Surry",0.45,150
37173,"Swain",0.34,32
37175,"Transylvania",0.37,71
37177,"Tyrrell",NA,NA
37179,"Union",0.41,701
37181,"Vance",0.44,62
37183,"Wake",0.43,4712
37185,"Warren",NA,NA
37187,"Washington",NA,NA
37189,"Watauga",0.41,647
37191,"Wayne",0.42,238
37193,"Wilkes",0.41,168
37195,"Wilson",0.39,124
37197,"Yadkin",0.38,78
37199,"Yancey",0.36,31
38001,"Adams",NA,NA
38003,"Barnes",0.44,37
38005,"Benson",NA,NA
38007,"Billings",NA,NA
38009,"Bottineau",NA,NA
38011,"Bowman",NA,NA
38013,"Burke",NA,NA
38015,"Burleigh",0.36,814
38017,"Cass",0.42,1181
38019,"Cavalier",NA,NA
38021,"Dickey",NA,NA
38023,"Divide",NA,NA
38025,"Dunn",NA,NA
38027,"Eddy",NA,NA
38029,"Emmons",NA,NA
38031,"Foster",NA,NA
38033,"Golden Valley",NA,NA
38035,"Grand Forks",0.37,615
38037,"Grant",NA,NA
38039,"Griggs",NA,NA
38041,"Hettinger",NA,NA
38043,"Kidder",NA,NA
38045,"LaMoure",NA,NA
38047,"Logan",NA,NA
38049,"McHenry",NA,NA
38051,"McIntosh",NA,NA
38053,"McKenzie",NA,NA
38055,"McLean",NA,NA
38057,"Mercer",NA,NA
38059,"Morton",0.39,90
38061,"Mountrail",NA,NA
38063,"Nelson",NA,NA
38065,"Oliver",NA,NA
38067,"Pembina",NA,NA
38069,"Pierce",NA,NA
38071,"Ramsey",0.37,64
38073,"Ransom",NA,NA
38075,"Renville",NA,NA
38077,"Richland",0.36,77
38079,"Rolette",NA,NA
38081,"Sargent",NA,NA
38083,"Sheridan",NA,NA
38085,"Sioux",NA,NA
38087,"Slope",NA,NA
38089,"Stark",0.36,62
38091,"Steele",NA,NA
38093,"Stutsman",0.41,48
38095,"Towner",NA,NA
38097,"Traill",NA,NA
38099,"Walsh",NA,NA
38101,"Ward",0.38,179
38103,"Wells",NA,NA
38105,"Williams",0.44,42
39001,"Adams",0.35,56
39003,"Allen",0.36,399
39005,"Ashland",0.41,225
39007,"Ashtabula",0.43,293
39009,"Athens",0.4,1300
39011,"Auglaize",0.43,133
39013,"Belmont",0.43,123
39015,"Brown",0.41,136
39017,"Butler",0.42,2540
39019,"Carroll",0.42,166
39021,"Champaign",0.46,79
39023,"Clark",0.39,428
39025,"Clermont",0.39,945
39027,"Clinton",0.47,152
39029,"Columbiana",0.36,868
39031,"Coshocton",0.42,82
39033,"Crawford",0.44,173
39035,"Cuyahoga",0.43,6949
39037,"Darke",0.38,125
39039,"Defiance",0.41,153
39041,"Delaware",0.42,1058
39043,"Erie",0.43,294
39045,"Fairfield",0.43,694
39047,"Fayette",0.45,48
39049,"Franklin",0.42,7587
39051,"Fulton",0.39,169
39053,"Gallia",0.41,77
39055,"Geauga",0.41,438
39057,"Greene",0.39,828
39059,"Guernsey",0.49,88
39061,"Hamilton",0.41,4339
39063,"Hancock",0.42,380
39065,"Hardin",0.41,322
39067,"Harrison",0.39,31
39069,"Henry",0.39,92
39071,"Highland",0.41,117
39073,"Hocking",0.42,104
39075,"Holmes",0.42,48
39077,"Huron",0.41,233
39079,"Jackson",0.45,71
39081,"Jefferson",0.42,163
39083,"Knox",0.37,459
39085,"Lake",0.43,1278
39087,"Lawrence",0.4,115
39089,"Licking",0.41,888
39091,"Logan",0.35,130
39093,"Lorain",0.4,939
39095,"Lucas",0.43,2684
39097,"Madison",0.4,132
39099,"Mahoning",0.44,530
39101,"Marion",0.41,301
39103,"Medina",0.42,680
39105,"Meigs",0.46,31
39107,"Mercer",0.47,104
39109,"Miami",0.41,494
39111,"Monroe",NA,NA
39113,"Montgomery",0.43,2529
39115,"Morgan",NA,NA
39117,"Morrow",0.44,103
39119,"Muskingum",0.4,362
39121,"Noble",NA,NA
39123,"Ottawa",0.42,126
39125,"Paulding",NA,NA
39127,"Perry",0.37,97
39129,"Pickaway",0.41,177
39131,"Pike",0.35,63
39133,"Portage",0.43,1102
39135,"Preble",0.44,112
39137,"Putnam",0.42,91
39139,"Richland",0.42,510
39141,"Ross",0.41,297
39143,"Sandusky",0.43,180
39145,"Scioto",0.41,250
39147,"Seneca",0.39,406
39149,"Shelby",0.39,149
39151,"Stark",0.42,1496
39153,"Summit",0.43,2581
39155,"Trumbull",0.45,498
39157,"Tuscarawas",0.41,239
39159,"Union",0.44,201
39161,"Van Wert",0.35,54
39163,"Vinton",NA,NA
39165,"Warren",0.39,797
39167,"Washington",0.39,395
39169,"Wayne",0.42,629
39171,"Williams",0.42,95
39173,"Wood",0.42,1016
39175,"Wyandot",0.35,134
40001,"Adair",NA,NA
40003,"Alfalfa",NA,NA
40005,"Atoka",NA,NA
40007,"Beaver",NA,NA
40009,"Beckham",0.48,38
40011,"Blaine",NA,NA
40013,"Bryan",0.47,68
40015,"Caddo",NA,NA
40017,"Canadian",0.4,276
40019,"Carter",0.34,54
40021,"Cherokee",0.31,95
40023,"Choctaw",NA,NA
40025,"Cimarron",NA,NA
40027,"Cleveland",0.39,1290
40029,"Coal",NA,NA
40031,"Comanche",0.39,243
40033,"Cotton",NA,NA
40035,"Craig",NA,NA
40037,"Creek",0.36,152
40039,"Custer",0.35,109
40041,"Delaware",0.38,46
40043,"Dewey",NA,NA
40045,"Ellis",NA,NA
40047,"Garfield",0.38,144
40049,"Garvin",NA,NA
40051,"Grady",0.46,62
40053,"Grant",NA,NA
40055,"Greer",NA,NA
40057,"Harmon",NA,NA
40059,"Harper",NA,NA
40061,"Haskell",NA,NA
40063,"Hughes",NA,NA
40065,"Jackson",0.44,41
40067,"Jefferson",NA,NA
40069,"Johnston",NA,NA
40071,"Kay",0.41,71
40073,"Kingfisher",0.47,33
40075,"Kiowa",NA,NA
40077,"Latimer",NA,NA
40079,"Le Flore",0.33,47
40081,"Lincoln",0.42,45
40083,"Logan",0.43,71
40085,"Love",NA,NA
40087,"McClain",0.38,61
40089,"McCurtain",0.35,35
40091,"McIntosh",NA,NA
40093,"Major",NA,NA
40095,"Marshall",NA,NA
40097,"Mayes",0.39,46
40099,"Murray",NA,NA
40101,"Muskogee",0.41,97
40103,"Noble",NA,NA
40105,"Nowata",NA,NA
40107,"Okfuskee",NA,NA
40109,"Oklahoma",0.39,2319
40111,"Okmulgee",0.36,244
40113,"Osage",0.34,57
40115,"Ottawa",0.41,36
40117,"Pawnee",NA,NA
40119,"Payne",0.4,674
40121,"Pittsburg",0.39,36
40123,"Pontotoc",0.4,58
40125,"Pottawatomie",0.42,158
40127,"Pushmataha",NA,NA
40129,"Roger Mills",NA,NA
40131,"Rogers",0.38,139
40133,"Seminole",NA,NA
40135,"Sequoyah",0.33,32
40137,"Stephens",0.5,51
40139,"Texas",NA,NA
40141,"Tillman",NA,NA
40143,"Tulsa",0.41,1874
40145,"Wagoner",0.35,122
40147,"Washington",0.41,130
40149,"Washita",NA,NA
40151,"Woods",0.38,74
40153,"Woodward",0.47,37
41001,"Baker",0.32,39
41003,"Benton",0.35,1933
41005,"Clackamas",0.35,2323
41007,"Clatsop",0.33,174
41009,"Columbia",0.37,187
41011,"Coos",0.39,138
41013,"Crook",0.38,47
41015,"Curry",0.35,50
41017,"Deschutes",0.34,573
41019,"Douglas",0.36,331
41021,"Gilliam",NA,NA
41023,"Grant",NA,NA
41025,"Harney",NA,NA
41027,"Hood River",0.35,135
41029,"Jackson",0.35,594
41031,"Jefferson",NA,NA
41033,"Josephine",0.36,176
41035,"Klamath",0.43,158
41037,"Lake",NA,NA
41039,"Lane",0.34,4060
41041,"Lincoln",0.35,70
41043,"Linn",0.35,388
41045,"Malheur",0.45,86
41047,"Marion",0.35,989
41049,"Morrow",NA,NA
41051,"Multnomah",0.33,6721
41053,"Polk",0.3,259
41055,"Sherman",NA,NA
41057,"Tillamook",0.39,53
41059,"Umatilla",0.36,129
41061,"Union",0.32,72
41063,"Wallowa",NA,NA
41065,"Wasco",0.33,131
41067,"Washington",0.33,3406
41069,"Wheeler",NA,NA
41071,"Yamhill",0.36,391
42001,"Adams",0.41,719
42003,"Allegheny",0.41,7048
42005,"Armstrong",0.43,142
42007,"Beaver",0.39,513
42009,"Bedford",0.35,87
42011,"Berks",0.45,1926
42013,"Blair",0.41,390
42015,"Bradford",0.4,150
42017,"Bucks",0.41,4009
42019,"Butler",0.4,1065
42021,"Cambria",0.4,465
42023,"Cameron",NA,NA
42025,"Carbon",0.42,140
42027,"Centre",0.42,2281
42029,"Chester",0.4,2786
42031,"Clarion",0.35,159
42033,"Clearfield",0.36,158
42035,"Clinton",0.4,168
42037,"Columbia",0.44,514
42039,"Crawford",0.41,340
42041,"Cumberland",0.42,1944
42043,"Dauphin",0.39,1174
42045,"Delaware",0.42,3386
42047,"Elk",0.35,58
42049,"Erie",0.39,1352
42051,"Fayette",0.45,348
42053,"Forest",NA,NA
42055,"Franklin",0.39,441
42057,"Fulton",0.43,34
42059,"Greene",0.4,136
42061,"Huntingdon",0.43,135
42063,"Indiana",0.41,731
42065,"Jefferson",0.42,194
42067,"Juniata",0.38,38
42069,"Lackawanna",0.41,877
42071,"Lancaster",0.41,3075
42073,"Lawrence",0.42,331
42075,"Lebanon",0.41,368
42077,"Lehigh",0.42,1217
42079,"Luzerne",0.42,884
42081,"Lycoming",0.39,377
42083,"McKean",0.31,167
42085,"Mercer",0.43,471
42087,"Mifflin",0.38,88
42089,"Monroe",0.44,593
42091,"Montgomery",0.41,4421
42093,"Montour",0.46,54
42095,"Northampton",0.44,1557
42097,"Northumberland",0.44,194
42099,"Perry",0.41,106
42101,"Philadelphia",0.42,8131
42103,"Pike",0.33,812
42105,"Potter",0.38,60
42107,"Schuylkill",0.44,438
42109,"Snyder",0.39,185
42111,"Somerset",0.42,133
42113,"Sullivan",NA,NA
42115,"Susquehanna",0.36,97
42117,"Tioga",0.32,150
42119,"Union",0.41,272
42121,"Venango",0.38,141
42123,"Warren",0.38,94
42125,"Washington",0.43,880
42127,"Wayne",0.39,113
42129,"Westmoreland",0.41,1089
42131,"Wyoming",0.42,73
42133,"York",0.41,1694
44001,"Bristol",0.39,503
44003,"Kent",0.41,673
44005,"Newport",0.4,534
44007,"Providence",0.41,2773
44009,"Washington",0.39,634
45001,"Abbeville",0.34,41
45003,"Aiken",0.45,324
45005,"Allendale",NA,NA
45007,"Anderson",0.43,329
45009,"Bamberg",NA,NA
45011,"Barnwell",0.5,31
45013,"Beaufort",0.45,375
45015,"Berkeley",0.47,323
45017,"Calhoun",NA,NA
45019,"Charleston",0.47,1655
45021,"Cherokee",0.4,66
45023,"Chester",0.37,57
45025,"Chesterfield",0.41,45
45027,"Clarendon",NA,NA
45029,"Colleton",0.51,80
45031,"Darlington",0.47,63
45033,"Dillon",0.51,36
45035,"Dorchester",0.46,351
45037,"Edgefield",NA,NA
45039,"Fairfield",NA,NA
45041,"Florence",0.48,228
45043,"Georgetown",0.42,114
45045,"Greenville",0.45,1325
45047,"Greenwood",0.47,203
45049,"Hampton",NA,NA
45051,"Horry",0.44,1111
45053,"Jasper",NA,NA
45055,"Kershaw",0.43,152
45057,"Lancaster",0.49,94
45059,"Laurens",0.4,84
45061,"Lee",NA,NA
45063,"Lexington",0.43,973
45065,"McCormick",NA,NA
45067,"Marion",NA,NA
45069,"Marlboro",NA,NA
45071,"Newberry",0.46,84
45073,"Oconee",0.47,185
45075,"Orangeburg",0.45,59
45077,"Pickens",0.45,501
45079,"Richland",0.44,2028
45081,"Saluda",NA,NA
45083,"Spartanburg",0.45,736
45085,"Sumter",0.5,201
45087,"Union",0.39,34
45089,"Williamsburg",NA,NA
45091,"York",0.43,680
46003,"Aurora",NA,NA
46005,"Beadle",NA,NA
46007,"Bennett",NA,NA
46009,"Bon Homme",NA,NA
46011,"Brookings",0.35,833
46013,"Brown",0.39,63
46015,"Brule",NA,NA
46017,"Buffalo",NA,NA
46019,"Butte",NA,NA
46021,"Campbell",NA,NA
46023,"Charles Mix",NA,NA
46025,"Clark",NA,NA
46027,"Clay",0.32,118
46029,"Codington",0.46,63
46031,"Corson",NA,NA
46033,"Custer",NA,NA
46035,"Davison",NA,NA
46037,"Day",NA,NA
46039,"Deuel",NA,NA
46041,"Dewey",NA,NA
46043,"Douglas",NA,NA
46045,"Edmunds",NA,NA
46047,"Fall River",NA,NA
46049,"Faulk",NA,NA
46051,"Grant",NA,NA
46053,"Gregory",NA,NA
46055,"Haakon",NA,NA
46057,"Hamlin",NA,NA
46059,"Hand",NA,NA
46061,"Hanson",NA,NA
46063,"Harding",NA,NA
46065,"Hughes",0.22,60
46067,"Hutchinson",NA,NA
46069,"Hyde",NA,NA
46071,"Jackson",NA,NA
46073,"Jerauld",NA,NA
46075,"Jones",NA,NA
46077,"Kingsbury",NA,NA
46079,"Lake",0.39,57
46081,"Lawrence",0.35,147
46083,"Lincoln",0.34,112
46085,"Lyman",NA,NA
46087,"McCook",NA,NA
46089,"McPherson",NA,NA
46091,"Marshall",NA,NA
46093,"Meade",0.39,72
46095,"Mellette",NA,NA
46097,"Miner",NA,NA
46099,"Minnehaha",0.39,1034
46101,"Moody",NA,NA
46103,"Pennington",0.38,294
46105,"Perkins",NA,NA
46107,"Potter",NA,NA
46109,"Roberts",NA,NA
46111,"Sanborn",NA,NA
46113,"Shannon",NA,NA
46115,"Spink",NA,NA
46117,"Stanley",NA,NA
46119,"Sully",NA,NA
46121,"Todd",NA,NA
46123,"Tripp",NA,NA
46125,"Turner",NA,NA
46127,"Union",NA,NA
46129,"Walworth",NA,NA
46135,"Yankton",0.37,54
46137,"Ziebach",NA,NA
47001,"Anderson",0.38,151
47003,"Bedford",0.45,79
47005,"Benton",0.41,39
47007,"Bledsoe",NA,NA
47009,"Blount",0.38,328
47011,"Bradley",0.38,189
47013,"Campbell",0.39,39
47015,"Cannon",NA,NA
47017,"Carroll",0.41,46
47019,"Carter",0.4,123
47021,"Cheatham",0.45,98
47023,"Chester",0.48,62
47025,"Claiborne",0.47,50
47027,"Clay",NA,NA
47029,"Cocke",0.5,32
47031,"Coffee",0.39,102
47033,"Crockett",0.46,61
47035,"Cumberland",0.39,77
47037,"Davidson",0.41,2842
47039,"Decatur",NA,NA
47041,"DeKalb",0.45,43
47043,"Dickson",0.44,95
47045,"Dyer",0.43,61
47047,"Fayette",0.46,55
47049,"Fentress",NA,NA
47051,"Franklin",0.38,251
47053,"Gibson",0.46,73
47055,"Giles",0.4,56
47057,"Grainger",0.39,33
47059,"Greene",0.45,177
47061,"Grundy",NA,NA
47063,"Hamblen",0.4,122
47065,"Hamilton",0.41,949
47067,"Hancock",NA,NA
47069,"Hardeman",0.38,37
47071,"Hardin",NA,NA
47073,"Hawkins",0.41,72
47075,"Haywood",NA,NA
47077,"Henderson",0.47,34
47079,"Henry",0.37,116
47081,"Hickman",0.49,38
47083,"Houston",NA,NA
47085,"Humphreys",NA,NA
47087,"Jackson",0.27,33
47089,"Jefferson",0.39,110
47091,"Johnson",0.32,32
47093,"Knox",0.41,1810
47095,"Lake",NA,NA
47097,"Lauderdale",0.48,49
47099,"Lawrence",0.41,131
47101,"Lewis",NA,NA
47103,"Lincoln",0.38,81
47105,"Loudon",0.43,93
47107,"McMinn",0.41,87
47109,"McNairy",NA,NA
47111,"Macon",0.44,87
47113,"Madison",0.44,372
47115,"Marion",0.4,47
47117,"Marshall",0.35,60
47119,"Maury",0.46,222
47121,"Meigs",NA,NA
47123,"Monroe",0.39,71
47125,"Montgomery",0.41,491
47127,"Moore",NA,NA
47129,"Morgan",NA,NA
47131,"Obion",0.35,48
47133,"Overton",NA,NA
47135,"Perry",NA,NA
47137,"Pickett",NA,NA
47139,"Polk",NA,NA
47141,"Putnam",0.36,244
47143,"Rhea",0.48,43
47145,"Roane",0.34,66
47147,"Robertson",0.41,357
47149,"Rutherford",0.43,914
47151,"Scott",NA,NA
47153,"Sequatchie",NA,NA
47155,"Sevier",0.4,221
47157,"Shelby",0.43,3076
47159,"Smith",0.44,72
47161,"Stewart",NA,NA
47163,"Sullivan",0.4,378
47165,"Sumner",0.43,834
47167,"Tipton",0.48,140
47169,"Trousdale",NA,NA
47171,"Unicoi",0.41,38
47173,"Union",NA,NA
47175,"Van Buren",NA,NA
47177,"Warren",0.45,62
47179,"Washington",0.4,595
47181,"Wayne",NA,NA
47183,"Weakley",0.49,67
47185,"White",0.45,48
47187,"Williamson",0.45,657
47189,"Wilson",0.42,386
48001,"Anderson",0.41,66
48003,"Andrews",NA,NA
48005,"Angelina",0.4,105
48007,"Aransas",NA,NA
48009,"Archer",0.43,37
48011,"Armstrong",NA,NA
48013,"Atascosa",0.33,42
48015,"Austin",0.48,59
48017,"Bailey",NA,NA
48019,"Bandera",0.43,37
48021,"Bastrop",0.36,149
48023,"Baylor",NA,NA
48025,"Bee",NA,NA
48027,"Bell",0.41,863
48029,"Bexar",0.41,3610
48031,"Blanco",NA,NA
48033,"Borden",NA,NA
48035,"Bosque",NA,NA
48037,"Bowie",0.39,109
48039,"Brazoria",0.45,661
48041,"Brazos",0.42,1917
48043,"Brewster",NA,NA
48045,"Briscoe",NA,NA
48047,"Brooks",NA,NA
48049,"Brown",0.4,95
48051,"Burleson",NA,NA
48053,"Burnet",0.5,68
48055,"Caldwell",0.4,54
48057,"Calhoun",NA,NA
48059,"Callahan",NA,NA
48061,"Cameron",0.38,224
48063,"Camp",NA,NA
48065,"Carson",NA,NA
48067,"Cass",0.31,34
48069,"Castro",NA,NA
48071,"Chambers",NA,NA
48073,"Cherokee",0.41,44
48075,"Childress",NA,NA
48077,"Clay",NA,NA
48079,"Cochran",NA,NA
48081,"Coke",NA,NA
48083,"Coleman",NA,NA
48085,"Collin",0.42,2172
48087,"Collingsworth",NA,NA
48089,"Colorado",NA,NA
48091,"Comal",0.4,425
48093,"Comanche",NA,NA
48095,"Concho",NA,NA
48097,"Cooke",0.33,53
48099,"Coryell",0.48,155
48101,"Cottle",NA,NA
48103,"Crane",NA,NA
48105,"Crockett",NA,NA
48107,"Crosby",NA,NA
48109,"Culberson",NA,NA
48111,"Dallam",NA,NA
48113,"Dallas",0.41,5306
48115,"Dawson",NA,NA
48117,"Deaf Smith",NA,NA
48119,"Delta",NA,NA
48121,"Denton",0.41,2623
48123,"DeWitt",NA,NA
48125,"Dickens",NA,NA
48127,"Dimmit",NA,NA
48129,"Donley",NA,NA
48131,"Duval",NA,NA
48133,"Eastland",0.37,36
48135,"Ector",0.35,226
48137,"Edwards",NA,NA
48139,"Ellis",0.41,274
48141,"El Paso",0.38,1004
48143,"Erath",0.43,256
48145,"Falls",NA,NA
48147,"Fannin",0.51,44
48149,"Fayette",NA,NA
48151,"Fisher",NA,NA
48153,"Floyd",NA,NA
48155,"Foard",NA,NA
48157,"Fort Bend",0.43,873
48159,"Franklin",NA,NA
48161,"Freestone",NA,NA
48163,"Frio",NA,NA
48165,"Gaines",NA,NA
48167,"Galveston",0.42,653
48169,"Garza",NA,NA
48171,"Gillespie",NA,NA
48173,"Glasscock",NA,NA
48175,"Goliad",NA,NA
48177,"Gonzales",NA,NA
48179,"Gray",NA,NA
48181,"Grayson",0.44,272
48183,"Gregg",0.45,229
48185,"Grimes",0.52,35
48187,"Guadalupe",0.4,269
48189,"Hale",0.38,44
48191,"Hall",NA,NA
48193,"Hamilton",NA,NA
48195,"Hansford",NA,NA
48197,"Hardeman",NA,NA
48199,"Hardin",0.46,131
48201,"Harris",0.42,8048
48203,"Harrison",0.4,75
48205,"Hartley",NA,NA
48207,"Haskell",NA,NA
48209,"Hays",0.37,929
48211,"Hemphill",NA,NA
48213,"Henderson",0.4,129
48215,"Hidalgo",0.37,555
48217,"Hill",0.44,168
48219,"Hockley",0.37,80
48221,"Hood",0.41,118
48223,"Hopkins",0.35,58
48225,"Houston",NA,NA
48227,"Howard",0.28,46
48229,"Hudspeth",NA,NA
48231,"Hunt",0.44,175
48233,"Hutchinson",0.23,32
48235,"Irion",NA,NA
48237,"Jack",NA,NA
48239,"Jackson",NA,NA
48241,"Jasper",0.41,51
48243,"Jeff Davis",NA,NA
48245,"Jefferson",0.48,517
48247,"Jim Hogg",NA,NA
48249,"Jim Wells",0.39,38
48251,"Johnson",0.42,591
48253,"Jones",NA,NA
48255,"Karnes",NA,NA
48257,"Kaufman",0.44,208
48259,"Kendall",0.41,77
48261,"Kenedy",NA,NA
48263,"Kent",NA,NA
48265,"Kerr",0.46,83
48267,"Kimble",NA,NA
48269,"King",NA,NA
48271,"Kinney",NA,NA
48273,"Kleberg",0.49,39
48275,"Knox",NA,NA
48277,"Lamar",0.41,84
48279,"Lamb",NA,NA
48281,"Lampasas",0.44,43
48283,"La Salle",NA,NA
48285,"Lavaca",NA,NA
48287,"Lee",NA,NA
48289,"Leon",NA,NA
48291,"Liberty",0.39,116
48293,"Limestone",NA,NA
48295,"Lipscomb",NA,NA
48297,"Live Oak",NA,NA
48299,"Llano",NA,NA
48301,"Loving",NA,NA
48303,"Lubbock",0.43,1927
48305,"Lynn",NA,NA
48307,"McCulloch",NA,NA
48309,"McLennan",0.42,759
48311,"McMullen",NA,NA
48313,"Madison",NA,NA
48315,"Marion",NA,NA
48317,"Martin",NA,NA
48319,"Mason",NA,NA
48321,"Matagorda",0.34,38
48323,"Maverick",NA,NA
48325,"Medina",0.39,47
48327,"Menard",NA,NA
48329,"Midland",0.4,492
48331,"Milam",0.4,33
48333,"Mills",NA,NA
48335,"Mitchell",NA,NA
48337,"Montague",0.46,34
48339,"Montgomery",0.41,1128
48341,"Moore",NA,NA
48343,"Morris",NA,NA
48345,"Motley",NA,NA
48347,"Nacogdoches",0.42,177
48349,"Navarro",0.46,64
48351,"Newton",NA,NA
48353,"Nolan",NA,NA
48355,"Nueces",0.41,558
48357,"Ochiltree",NA,NA
48359,"Oldham",NA,NA
48361,"Orange",0.41,215
48363,"Palo Pinto",0.27,47
48365,"Panola",NA,NA
48367,"Parker",0.38,241
48369,"Parmer",NA,NA
48371,"Pecos",NA,NA
48373,"Polk",0.44,92
48375,"Potter",0.37,163
48377,"Presidio",NA,NA
48379,"Rains",NA,NA
48381,"Randall",0.38,269
48383,"Reagan",NA,NA
48385,"Real",NA,NA
48387,"Red River",NA,NA
48389,"Reeves",NA,NA
48391,"Refugio",NA,NA
48393,"Roberts",NA,NA
48395,"Robertson",NA,NA
48397,"Rockwall",0.43,167
48399,"Runnels",NA,NA
48401,"Rusk",0.46,55
48403,"Sabine",NA,NA
48405,"San Augustine",NA,NA
48407,"San Jacinto",NA,NA
48409,"San Patricio",0.37,106
48411,"San Saba",NA,NA
48413,"Schleicher",NA,NA
48415,"Scurry",NA,NA
48417,"Shackelford",NA,NA
48419,"Shelby",NA,NA
48421,"Sherman",NA,NA
48423,"Smith",0.45,428
48425,"Somervell",0.32,72
48427,"Starr",NA,NA
48429,"Stephens",NA,NA
48431,"Sterling",NA,NA
48433,"Stonewall",NA,NA
48435,"Sutton",NA,NA
48437,"Swisher",NA,NA
48439,"Tarrant",0.42,4588
48441,"Taylor",0.37,560
48443,"Terrell",NA,NA
48445,"Terry",NA,NA
48447,"Throckmorton",NA,NA
48449,"Titus",NA,NA
48451,"Tom Green",0.43,202
48453,"Travis",0.38,5633
48455,"Trinity",0.4,33
48457,"Tyler",NA,NA
48459,"Upshur",0.52,57
48461,"Upton",NA,NA
48463,"Uvalde",NA,NA
48465,"Val Verde",0.36,47
48467,"Van Zandt",0.43,92
48469,"Victoria",0.41,83
48471,"Walker",0.47,207
48473,"Waller",NA,NA
48475,"Ward",NA,NA
48477,"Washington",0.37,34
48479,"Webb",0.4,97
48481,"Wharton",0.39,36
48483,"Wheeler",NA,NA
48485,"Wichita",0.45,976
48487,"Wilbarger",NA,NA
48489,"Willacy",NA,NA
48491,"Williamson",0.4,1566
48493,"Wilson",0.41,56
48495,"Winkler",NA,NA
48497,"Wise",0.43,139
48499,"Wood",0.32,79
48501,"Yoakum",NA,NA
48503,"Young",0.55,36
48505,"Zapata",NA,NA
48507,"Zavala",NA,NA
49001,"Beaver",NA,NA
49003,"Box Elder",0.34,136
49005,"Cache",0.38,983
49007,"Carbon",NA,NA
49009,"Daggett",NA,NA
49011,"Davis",0.34,1504
49013,"Duchesne",NA,NA
49015,"Emery",NA,NA
49017,"Garfield",NA,NA
49019,"Grand",NA,NA
49021,"Iron",0.36,261
49023,"Juab",NA,NA
49025,"Kane",NA,NA
49027,"Millard",NA,NA
49029,"Morgan",NA,NA
49031,"Piute",NA,NA
49033,"Rich",NA,NA
49035,"Salt Lake",0.36,6625
49037,"San Juan",NA,NA
49039,"Sanpete",0.31,86
49041,"Sevier",0.37,32
49043,"Summit",0.32,208
49045,"Tooele",0.43,209
49047,"Uintah",0.35,57
49049,"Utah",0.36,3036
49051,"Wasatch",0.36,37
49053,"Washington",0.37,458
49055,"Wayne",NA,NA
49057,"Weber",0.38,616
50001,"Addison",0.42,734
50003,"Bennington",0.41,307
50005,"Caledonia",0.33,170
50007,"Chittenden",0.37,2921
50009,"Essex",NA,NA
50011,"Franklin",0.38,117
50013,"Grand Isle",0.37,36
50015,"Lamoille",0.39,89
50017,"Orange",0.3,115
50019,"Orleans",0.34,114
50021,"Rutland",0.42,427
50023,"Washington",0.37,452
50025,"Windham",0.31,343
50027,"Windsor",0.36,348
51001,"Accomack",0.41,85
51003,"Albemarle",0.37,700
51005,"Alleghany",NA,NA
51007,"Amelia",NA,NA
51009,"Amherst",0.38,184
51011,"Appomattox",NA,NA
51013,"Arlington",0.38,2701
51015,"Augusta",0.42,223
51017,"Bath",NA,NA
51019,"Bedford",0.45,140
51021,"Bland",NA,NA
51023,"Botetourt",0.48,182
51025,"Brunswick",NA,NA
51027,"Buchanan",0.48,54
51029,"Buckingham",NA,NA
51031,"Campbell",0.43,64
51033,"Caroline",0.39,49
51035,"Carroll",0.47,36
51036,"Charles City",NA,NA
51037,"Charlotte",NA,NA
51041,"Chesterfield",0.41,1135
51043,"Clarke",NA,NA
51045,"Craig",NA,NA
51047,"Culpeper",0.42,110
51049,"Cumberland",NA,NA
51051,"Dickenson",NA,NA
51053,"Dinwiddie",NA,NA
51057,"Essex",NA,NA
51059,"Fairfax",0.41,6341
51061,"Fauquier",0.36,262
51063,"Floyd",0.47,32
51065,"Fluvanna",0.43,88
51067,"Franklin",0.36,159
51069,"Frederick",0.42,225
51071,"Giles",0.42,50
51073,"Gloucester",0.4,105
51075,"Goochland",0.4,164
51077,"Grayson",NA,NA
51079,"Greene",0.45,53
51081,"Greensville",NA,NA
51083,"Halifax",0.44,42
51085,"Hanover",0.46,496
51087,"Henrico",0.42,1087
51089,"Henry",0.42,60
51091,"Highland",NA,NA
51093,"Isle of Wight",0.47,77
51095,"James City",0.44,810
51097,"King and Queen",NA,NA
51099,"King George",0.46,64
51101,"King William",0.34,35
51103,"Lancaster",NA,NA
51105,"Lee",NA,NA
51107,"Loudoun",0.42,1524
51109,"Louisa",0.35,61
51111,"Lunenburg",NA,NA
51113,"Madison",NA,NA
51115,"Mathews",0.45,33
51117,"Mecklenburg",0.44,75
51119,"Middlesex",NA,NA
51121,"Montgomery",0.43,1656
51125,"Nelson",0.34,61
51127,"New Kent",0.45,60
51131,"Northampton",NA,NA
51133,"Northumberland",NA,NA
51135,"Nottoway",NA,NA
51137,"Orange",0.44,123
51139,"Page",0.42,46
51141,"Patrick",NA,NA
51143,"Pittsylvania",0.49,46
51145,"Powhatan",0.41,63
51147,"Prince Edward",0.46,239
51149,"Prince George",0.42,60
51153,"Prince William",0.43,1224
51155,"Pulaski",0.38,71
51157,"Rappahannock",0.57,45
51159,"Richmond",NA,NA
51161,"Roanoke",0.44,289
51163,"Rockbridge",NA,NA
51165,"Rockingham",0.36,474
51167,"Russell",NA,NA
51169,"Scott",0.43,163
51171,"Shenandoah",0.36,156
51173,"Smyth",0.38,56
51175,"Southampton",0.51,36
51177,"Spotsylvania",0.42,395
51179,"Stafford",0.39,529
51181,"Surry",NA,NA
51183,"Sussex",NA,NA
51185,"Tazewell",0.43,76
51187,"Warren",0.34,117
51191,"Washington",0.32,80
51193,"Westmoreland",NA,NA
51195,"Wise",0.37,101
51197,"Wythe",0.42,61
51199,"York",0.45,200
51510,"Alexandria",0.39,1093
51515,"Bedford",NA,NA
51520,"Bristol",0.38,72
51530,"Buena Vista",0.4,61
51540,"Charlottesville",0.42,1992
51550,"Chesapeake",0.49,536
51560,"Clifton Forge",NA,NA
51570,"Colonial Heights",0.44,70
51580,"Covington",0.24,31
51590,"Danville",0.45,101
51595,"Emporia",NA,NA
51600,"Fairfax",0.4,626
51610,"Falls Church",0.4,144
51620,"Franklin",0.42,54
51630,"Fredericksburg",0.42,400
51640,"Galax",0.58,35
51650,"Hampton",0.42,469
51660,"Harrisonburg",0.4,1367
51670,"Hopewell",0.44,47
51678,"Lexington",0.4,209
51680,"Lynchburg",0.44,521
51683,"Manassas",0.44,307
51685,"Manassas Park",0.47,233
51690,"Martinsville",0.39,44
51700,"Newport News",0.43,1117
51710,"Norfolk",0.44,785
51720,"Norton",NA,NA
51730,"Petersburg",0.42,64
51735,"Poquoson",0.44,52
51740,"Portsmouth",0.39,203
51750,"Radford",0.46,965
51760,"Richmond",0.39,1320
51770,"Roanoke",0.46,385
51775,"Salem",0.42,161
51780,"South Boston",NA,NA
51790,"Staunton",0.42,177
51800,"Suffolk",0.43,183
51810,"Virginia Beach",0.43,1390
51820,"Waynesboro",0.44,139
51830,"Williamsburg",0.41,152
51840,"Winchester",0.37,129
53001,"Adams",NA,NA
53003,"Asotin",0.31,59
53005,"Benton",0.35,448
53007,"Chelan",0.39,261
53009,"Clallam",0.37,156
53011,"Clark",0.37,3284
53013,"Columbia",NA,NA
53015,"Cowlitz",0.37,621
53017,"Douglas",0.33,80
53019,"Ferry",NA,NA
53021,"Franklin",0.36,101
53023,"Garfield",NA,NA
53025,"Grant",0.42,144
53027,"Grays Harbor",0.32,178
53029,"Island",0.41,271
53031,"Jefferson",0.35,103
53033,"King",0.35,14230
53035,"Kitsap",0.39,1000
53037,"Kittitas",0.35,207
53039,"Klickitat",0.51,88
53041,"Lewis",0.3,149
53043,"Lincoln",0.39,31
53045,"Mason",0.4,142
53047,"Okanogan",0.37,74
53049,"Pacific",0.49,45
53051,"Pend Oreille",0.31,31
53053,"Pierce",0.38,3220
53055,"San Juan",0.3,59
53057,"Skagit",0.38,354
53059,"Skamania",NA,NA
53061,"Snohomish",0.37,2568
53063,"Spokane",0.35,2958
53065,"Stevens",0.35,79
53067,"Thurston",0.34,1541
53069,"Wahkiakum",NA,NA
53071,"Walla Walla",0.37,407
53073,"Whatcom",0.35,2386
53075,"Whitman",0.42,1362
53077,"Yakima",0.39,334
54001,"Barbour",0.26,36
54003,"Berkeley",0.4,297
54005,"Boone",NA,NA
54007,"Braxton",NA,NA
54009,"Brooke",0.37,182
54011,"Cabell",0.39,307
54013,"Calhoun",NA,NA
54015,"Clay",NA,NA
54017,"Doddridge",NA,NA
54019,"Fayette",0.44,89
54021,"Gilmer",0.34,110
54023,"Grant",NA,NA
54025,"Greenbrier",0.32,62
54027,"Hampshire",0.44,48
54029,"Hancock",0.33,97
54031,"Hardy",0.33,32
54033,"Harrison",0.39,191
54035,"Jackson",0.34,56
54037,"Jefferson",0.45,305
54039,"Kanawha",0.42,477
54041,"Lewis",0.33,42
54043,"Lincoln",NA,NA
54045,"Logan",0.52,38
54047,"McDowell",NA,NA
54049,"Marion",0.45,156
54051,"Marshall",0.38,128
54053,"Mason",0.33,47
54055,"Mercer",0.45,243
54057,"Mineral",0.38,56
54059,"Mingo",NA,NA
54061,"Monongalia",0.43,2221
54063,"Monroe",NA,NA
54065,"Morgan",0.42,40
54067,"Nicholas",0.47,48
54069,"Ohio",0.42,203
54071,"Pendleton",NA,NA
54073,"Pleasants",NA,NA
54075,"Pocahontas",NA,NA
54077,"Preston",0.37,47
54079,"Putnam",0.43,132
54081,"Raleigh",0.44,199
54083,"Randolph",0.47,61
54085,"Ritchie",NA,NA
54087,"Roane",NA,NA
54089,"Summers",NA,NA
54091,"Taylor",NA,NA
54093,"Tucker",NA,NA
54095,"Tyler",NA,NA
54097,"Upshur",0.38,128
54099,"Wayne",0.41,70
54101,"Webster",NA,NA
54103,"Wetzel",0.27,42
54105,"Wirt",NA,NA
54107,"Wood",0.37,222
54109,"Wyoming",NA,NA
55001,"Adams",0.43,54
55003,"Ashland",0.35,151
55005,"Barron",0.39,232
55007,"Bayfield",0.35,42
55009,"Brown",0.38,2580
55011,"Buffalo",0.28,59
55013,"Burnett",0.39,79
55015,"Calumet",0.36,116
55017,"Chippewa",0.36,392
55019,"Clark",0.35,143
55021,"Columbia",0.38,341
55023,"Crawford",0.39,77
55025,"Dane",0.37,5899
55027,"Dodge",0.36,694
55029,"Door",0.37,258
55031,"Douglas",0.35,155
55033,"Dunn",0.37,596
55035,"Eau Claire",0.36,1485
55037,"Florence",NA,NA
55039,"Fond du Lac",0.43,711
55041,"Forest",NA,NA
55043,"Grant",0.36,473
55045,"Green",0.36,299
55047,"Green Lake",0.36,77
55049,"Iowa",0.36,107
55051,"Iron",NA,NA
55053,"Jackson",0.43,77
55055,"Jefferson",0.42,390
55057,"Juneau",0.38,122
55059,"Kenosha",0.43,1019
55061,"Kewaunee",0.34,255
55063,"La Crosse",0.42,4254
55065,"Lafayette",0.44,52
55067,"Langlade",0.42,35
55069,"Lincoln",0.39,65
55071,"Manitowoc",0.38,380
55073,"Marathon",0.41,1135
55075,"Marinette",0.4,128
55077,"Marquette",0.35,93
55078,"Menominee",NA,NA
55079,"Milwaukee",0.39,4952
55081,"Monroe",0.39,345
55083,"Oconto",0.43,139
55085,"Oneida",0.38,128
55087,"Outagamie",0.37,1698
55089,"Ozaukee",0.43,654
55091,"Pepin",NA,NA
55093,"Pierce",0.36,625
55095,"Polk",0.39,191
55097,"Portage",0.38,786
55099,"Price",NA,NA
55101,"Racine",0.41,817
55103,"Richland",0.36,92
55105,"Rock",0.39,880
55107,"Rusk",0.41,45
55109,"St. Croix",0.41,429
55111,"Sauk",0.4,437
55113,"Sawyer",0.47,45
55115,"Shawano",0.28,112
55117,"Sheboygan",0.4,486
55119,"Taylor",0.43,48
55121,"Trempealeau",0.38,185
55123,"Vernon",0.38,255
55125,"Vilas",0.37,52
55127,"Walworth",0.43,1135
55129,"Washburn",0.27,57
55131,"Washington",0.41,777
55133,"Waukesha",0.42,3097
55135,"Waupaca",0.39,211
55137,"Waushara",0.32,156
55139,"Winnebago",0.37,1783
55141,"Wood",0.34,456
56001,"Albany",0.34,393
56003,"Big Horn",NA,NA
56005,"Campbell",0.48,101
56007,"Carbon",0.38,41
56009,"Converse",0.43,44
56011,"Crook",NA,NA
56013,"Fremont",0.39,129
56015,"Goshen",0.24,58
56017,"Hot Springs",NA,NA
56019,"Johnson",NA,NA
56021,"Laramie",0.33,282
56023,"Lincoln",0.43,41
56025,"Natrona",0.36,162
56027,"Niobrara",NA,NA
56029,"Park",0.3,54
56031,"Platte",NA,NA
56033,"Sheridan",0.32,68
56035,"Sublette",NA,NA
56037,"Sweetwater",0.36,109
56039,"Teton",0.31,146
56041,"Uinta",0.27,35
56043,"Washakie",NA,NA
56045,"Weston",NA,NA
